66.86;61.51;59.87;black
68.54;63.29;61.25;black
67.66;62.34;60.61;black
69.38;63.88;61.9;black
67.99;62.83;60.7;black
67.24;61.77;60.0;black
69.6;64.14;62.43;black
73.7;67.67;65.78;black
79.47;72.82;70.94;black
71.17;65.68;63.53;black
70.26;64.76;62.89;black
68.68;63.25;61.38;black
62.88;57.66;56.19;black
81.51;74.77;72.71;black
69.48;63.99;62.24;black
67.3;61.81;59.94;black
68.36;63.17;61.26;black
68.35;62.91;60.95;black
69.27;63.94;62.14;black
69.43;63.95;62.26;black
199.42;199.44;199.54;white
204.46;204.46;205.72;white
198.88;198.8;198.84;white
197.89;197.89;197.82;white
206.07;206.09;206.21;white
55.82;50.86;49.04;black
54.64;49.9;48.12;black
54.52;49.9;47.61;black
55.4;50.37;48.77;black
55.93;51.25;49.32;black
55.78;50.96;49.18;black
52.19;47.58;45.87;black
53.08;48.56;46.44;black
57.83;52.74;50.94;black
56.43;51.65;49.78;black
69.56;63.73;60.93;black
55.3;50.5;48.95;black
55.56;50.75;49.01;black
54.62;49.9;47.97;black
55.82;51.15;49.25;black
57.42;52.7;50.07;black
55.68;50.93;49.19;black
56.13;51.14;49.27;black
60.17;55.13;52.72;black
60.42;55.57;52.65;black
188.78;188.75;188.84;white
189.98;190.05;190.02;white
189.92;189.9;191.38;white
181.71;181.66;181.54;white
189.52;189.53;190.38;white
53.76;49.04;47.87;black
56.19;51.36;49.67;black
55.59;50.68;48.91;black
52.78;48.16;46.68;black
55.14;50.32;48.86;black
55.08;50.12;48.31;black
56.44;51.64;50.03;black
59.31;54.17;51.99;black
53.96;49.33;47.76;black
57.85;53.03;50.87;black
55.22;50.5;48.94;black
56.09;51.33;49.43;black
56.1;51.28;49.62;black
54.24;49.5;47.84;black
59.08;53.97;51.36;black
54.94;50.31;48.72;black
50.46;45.98;44.09;black
58.26;53.21;51.31;black
56.26;51.49;49.72;black
52.82;48.07;46.42;black
187.06;188.31;187.27;white
184.02;184.04;184.91;white
188.68;188.7;189.66;white
190.05;190.04;191.25;white
189.46;189.45;189.94;white
66.6;61.08;57.55;black
62.98;57.59;53.94;black
66.16;60.65;57.08;black
65.69;60.0;56.54;black
67.0;61.04;57.64;black
66.39;60.9;57.35;black
66.15;60.45;57.03;black
63.51;58.28;54.85;black
79.39;72.41;69.26;black
69.64;63.32;60.07;black
66.87;61.22;57.64;black
64.53;59.26;55.84;black
66.56;60.9;57.42;black
69.14;63.21;59.91;black
67.26;61.5;58.09;black
65.4;59.85;56.23;black
64.06;58.68;55.29;black
67.67;62.1;58.61;black
67.73;61.91;58.39;black
65.79;60.06;56.63;black
190.79;191.2;189.01;white
187.95;188.89;186.37;white
191.62;192.42;190.03;white
195.93;195.93;194.42;white
186.59;187.88;185.47;white
76.52;70.2;66.8;black
76.36;69.78;66.49;black
71.25;65.63;62.13;black
74.77;68.61;65.24;black
75.9;69.48;66.08;black
84.53;77.39;74.3;black
75.49;69.35;65.97;black
75.68;69.35;66.04;black
77.08;70.89;67.47;black
76.64;69.98;66.88;black
76.46;70.06;66.68;black
74.62;68.12;64.88;black
75.67;69.33;65.97;black
75.97;69.7;66.32;black
76.18;69.92;66.58;black
75.78;69.92;66.39;black
80.47;73.51;70.35;black
74.87;68.85;65.47;black
69.42;64.38;60.64;black
76.61;70.44;67.06;black
204.92;206.68;204.16;white
208.63;208.63;207.34;white
208.97;208.97;208.95;white
205.2;205.27;204.91;white
209.62;209.63;208.3;white
74.49;68.82;65.28;black
75.34;69.25;66.03;black
71.65;66.25;62.62;black
74.78;68.23;65.03;black
74.72;68.62;65.37;black
75.71;69.82;66.36;black
74.73;69.08;65.57;black
69.57;64.28;60.65;black
67.29;61.9;58.5;black
72.31;66.09;62.79;black
75.36;69.6;66.51;black
73.28;67.58;64.08;black
74.68;68.84;65.37;black
73.39;67.78;64.2;black
74.24;68.58;65.08;black
75.42;69.65;66.26;black
74.63;68.21;64.98;black
72.5;66.41;63.08;black
73.76;68.15;64.48;black
65.74;60.52;57.02;black
207.73;207.8;207.39;white
207.98;208.7;208.36;white
208.12;208.16;208.14;white
200.86;202.22;200.23;white
206.02;206.03;204.56;white
30.29;25.73;23.05;black
27.53;23.06;20.25;black
30.14;25.76;22.85;black
29.2;24.67;21.76;black
30.7;26.19;23.37;black
29.82;25.52;22.72;black
29.2;24.64;21.83;black
28.98;24.65;21.93;black
25.8;21.57;18.87;black
29.87;25.56;22.74;black
30.16;25.76;22.9;black
30.21;25.6;22.83;black
30.55;26.22;23.28;black
29.9;25.62;22.79;black
27.06;22.94;20.26;black
29.32;24.76;21.89;black
29.94;25.63;22.73;black
29.8;25.21;22.34;black
29.95;25.28;22.48;black
30.56;26.19;23.27;black
134.78;134.81;135.31;white
140.08;139.43;139.58;white
108.68;108.73;108.42;white
119.88;118.75;118.02;white
133.83;133.89;135.09;white
17.31;13.93;14.32;black
16.81;13.03;12.89;black
17.27;13.5;13.63;black
18.1;14.25;14.82;black
17.58;14.12;14.57;black
17.13;13.28;13.41;black
17.17;13.4;13.44;black
15.88;12.16;12.21;black
18.45;14.72;15.37;black
17.54;13.62;13.72;black
18.57;14.64;15.23;black
18.26;14.81;15.56;black
16.77;13.17;13.34;black
17.34;13.92;14.33;black
16.65;12.8;12.88;black
18.23;14.91;15.69;black
17.32;13.53;13.76;black
17.08;13.7;14.16;black
17.51;14.05;14.46;black
17.4;13.58;13.76;black
96.42;95.12;97.87;white
87.19;86.4;88.0;white
96.58;95.66;99.36;white
82.86;82.98;84.61;white
95.42;94.83;98.32;white
11.8;15.68;9.98;black
11.83;15.9;10.18;black
11.83;15.83;10.17;black
12.18;16.16;10.38;black
11.92;15.84;10.11;black
12.0;15.97;10.29;black
12.52;15.79;10.17;black
12.51;15.86;10.12;black
11.81;15.6;9.9;black
11.82;15.77;10.02;black
11.87;15.62;9.93;black
12.2;15.81;10.19;black
11.95;15.54;9.89;black
11.69;15.58;9.98;black
12.29;16.13;10.36;black
12.1;15.95;10.27;black
11.91;16.03;10.25;black
12.05;16.27;10.3;black
11.92;16.04;10.26;black
12.06;15.31;9.87;black
45.07;47.0;47.06;white
42.07;44.13;42.98;white
46.46;49.46;46.3;white
48.65;50.77;48.98;white
40.0;41.87;40.23;white
9.37;8.58;9.27;black
9.29;8.41;9.17;black
9.35;8.35;9.48;black
9.29;8.52;9.22;black
10.03;8.45;9.54;black
9.09;8.37;9.2;black
9.56;8.53;9.35;black
9.32;8.38;9.31;black
9.97;8.38;9.39;black
9.91;8.6;9.57;black
8.1;7.13;8.33;black
9.43;8.36;9.34;black
10.11;8.43;9.6;black
10.13;8.51;9.67;black
9.0;8.32;9.03;black
9.22;8.37;9.27;black
9.05;7.89;9.0;black
9.72;8.54;9.7;black
9.45;8.56;9.27;black
9.29;8.3;9.22;black
46.01;48.33;47.89;white
47.88;50.01;49.11;white
43.33;46.72;46.76;white
41.2;44.11;42.58;white
47.86;49.99;48.5;white
82.82;57.42;25.42;black
85.29;59.49;26.53;black
81.0;55.87;24.38;black
77.8;53.28;22.74;black
89.2;62.15;28.17;black
82.61;57.01;25.27;black
84.94;59.04;26.28;black
80.52;56.18;24.54;black
82.92;57.2;25.29;black
78.25;54.19;23.3;black
85.72;59.71;26.76;black
75.3;51.74;21.96;black
81.78;56.61;25.03;black
81.72;56.54;24.96;black
83.58;57.9;25.92;black
85.38;59.7;26.69;black
80.74;55.94;24.75;black
70.54;48.77;19.55;black
79.72;55.18;24.03;black
87.56;61.28;27.71;black
219.27;193.05;127.78;white
211.98;186.41;120.02;white
208.67;181.8;115.04;white
222.02;197.0;131.27;white
211.85;186.22;119.56;white
61.69;54.2;47.2;black
67.16;59.54;51.94;black
65.46;58.17;50.97;black
66.7;59.33;52.04;black
66.38;58.42;50.4;black
65.74;57.84;50.8;black
78.52;71.63;61.68;black
69.21;60.98;52.9;black
65.96;58.68;51.5;black
66.1;58.72;51.3;black
64.84;57.03;49.98;black
69.06;61.14;52.85;black
67.19;59.54;51.76;black
65.23;57.85;49.28;black
66.47;59.15;51.74;black
65.96;58.62;51.77;black
64.82;57.77;49.0;black
66.97;59.5;52.22;black
65.97;58.64;51.35;black
66.83;59.28;50.91;black
192.65;189.87;174.79;white
194.04;191.0;175.29;white
207.92;204.82;189.84;white
198.55;193.99;178.84;white
205.56;201.6;186.98;white
49.46;42.96;39.46;black
54.04;47.05;43.55;black
49.82;43.58;39.96;black
46.66;41.19;37.5;black
48.33;42.09;38.54;black
47.75;41.62;38.1;black
48.54;42.12;38.51;black
50.32;44.09;40.49;black
70.42;63.45;58.64;black
47.17;41.51;37.8;black
53.3;46.34;42.9;black
48.19;42.8;38.98;black
50.95;43.63;40.2;black
50.38;44.18;40.56;black
49.4;42.42;39.0;black
51.78;45.03;41.55;black
51.54;44.36;40.89;black
48.89;42.42;38.88;black
49.14;43.3;39.56;black
50.55;43.7;40.24;black
184.18;181.48;170.76;white
183.9;180.7;170.16;white
186.15;183.11;171.3;white
174.11;171.78;162.53;white
175.67;173.09;164.08;white
59.67;56.62;53.4;black
51.41;48.11;45.2;black
48.44;45.33;42.9;black
48.57;45.71;43.76;black
50.38;46.59;43.85;black
44.81;41.7;40.24;black
48.27;45.36;43.1;black
45.48;42.84;40.4;black
50.81;47.54;45.27;black
43.49;39.8;38.05;black
51.81;48.21;45.4;black
52.14;48.22;45.3;black
46.8;43.4;41.07;black
51.84;48.28;45.44;black
50.32;47.14;45.07;black
48.34;45.16;43.11;black
46.62;43.42;41.44;black
49.14;46.17;44.18;black
48.37;45.5;43.15;black
46.89;43.56;41.56;black
188.18;186.98;182.98;white
180.16;179.29;174.36;white
185.38;184.04;179.96;white
178.48;176.62;171.95;white
182.99;181.32;177.08;white
28.35;25.47;27.11;black
29.21;26.82;27.76;black
28.55;26.1;26.98;black
28.32;25.92;27.26;black
28.37;26.54;27.23;black
29.21;26.95;28.14;black
29.49;26.98;27.95;black
26.91;24.87;25.98;black
27.91;25.93;26.65;black
26.64;24.41;25.88;black
27.96;25.7;27.02;black
29.22;27.54;27.7;black
29.59;26.85;27.39;black
30.4;28.3;28.52;black
29.11;26.49;27.24;black
29.04;26.95;27.68;black
26.99;24.98;26.45;black
28.34;25.92;26.93;black
27.56;25.33;26.23;black
27.52;25.24;26.9;black
144.1;143.46;142.66;white
140.62;140.27;138.91;white
138.85;138.25;136.9;white
146.28;146.05;144.81;white
143.96;143.53;142.57;white
17.26;14.13;16.7;black
18.75;15.47;17.38;black
17.92;14.12;16.45;black
18.15;13.91;16.49;black
18.59;13.76;16.92;black
18.22;14.92;16.78;black
18.88;14.36;16.8;black
18.24;14.33;16.56;black
17.73;14.16;16.86;black
18.01;13.78;16.23;black
18.02;13.9;17.01;black
18.88;14.22;16.66;black
17.95;14.22;16.81;black
17.48;13.87;16.35;black
18.42;14.07;17.13;black
17.66;14.25;15.96;black
19.01;14.34;17.24;black
18.32;14.07;17.12;black
18.42;13.94;16.66;black
18.32;14.0;17.18;black
88.22;89.34;88.8;white
87.53;89.1;88.55;white
81.15;82.31;81.69;white
85.98;87.33;86.45;white
88.39;89.57;89.12;white
22.89;24.84;23.28;black
23.57;26.75;24.53;black
22.14;24.05;22.08;black
22.61;24.7;22.42;black
22.2;24.78;22.58;black
23.84;27.59;24.76;black
23.09;25.07;23.17;black
22.62;24.67;22.42;black
22.19;25.51;23.32;black
22.27;25.37;23.16;black
22.3;25.51;23.43;black
22.6;24.75;22.28;black
22.94;25.77;23.35;black
22.53;24.76;22.63;black
23.49;26.41;24.05;black
23.76;26.38;24.3;black
22.38;25.01;22.69;black
23.51;25.87;23.67;black
22.19;25.58;23.44;black
21.89;24.66;22.48;black
80.72;82.05;81.06;white
82.92;83.82;84.11;white
78.8;80.13;79.38;white
79.4;80.22;79.84;white
92.48;93.42;92.51;white
26.98;23.88;25.03;black
26.61;23.11;24.38;black
27.05;23.41;24.72;black
26.55;23.79;24.9;black
25.22;20.85;22.11;black
26.34;23.58;24.25;black
25.31;21.57;23.23;black
27.34;24.31;24.9;black
26.64;23.81;24.42;black
26.25;23.87;24.74;black
26.13;22.32;22.82;black
26.32;23.68;23.85;black
26.3;23.24;23.18;black
26.89;24.06;24.3;black
27.81;25.91;26.41;black
28.28;26.0;26.9;black
27.05;23.68;24.92;black
26.07;23.14;23.67;black
26.72;24.29;25.07;black
25.74;22.19;22.97;black
117.82;119.64;119.36;white
107.02;108.5;109.49;white
110.68;112.2;112.88;white
114.79;116.23;115.89;white
105.72;108.35;108.26;white
54.22;79.12;146.55;blue
52.66;78.52;146.27;blue
51.53;75.74;142.6;blue
52.55;77.49;145.16;blue
53.61;78.75;147.11;blue
53.45;78.72;147.64;blue
52.96;79.78;148.27;blue
53.32;79.31;148.26;blue
52.92;77.4;144.97;blue
51.52;74.19;139.76;blue
52.58;77.84;145.66;blue
53.2;78.15;145.6;blue
53.36;78.32;145.66;blue
51.65;76.06;144.03;blue
54.92;78.75;144.17;blue
52.72;77.92;145.68;blue
52.55;76.69;145.33;blue
52.06;75.79;142.17;blue
53.7;78.51;145.3;blue
54.36;77.84;141.72;blue
181.82;183.23;185.2;white
183.19;184.29;186.19;white
184.58;185.63;186.45;white
183.9;184.9;187.04;white
182.85;184.0;185.11;white
56.26;151.75;197.55;blue
53.97;149.74;195.42;blue
58.52;153.14;198.62;blue
53.39;149.18;194.99;blue
55.68;151.51;197.73;blue
55.07;151.65;198.25;blue
55.39;151.84;198.44;blue
54.12;150.89;197.37;blue
55.18;151.37;198.02;blue
50.45;147.58;194.76;blue
53.28;150.01;196.76;blue
54.09;151.07;198.44;blue
54.72;151.16;197.89;blue
55.96;151.71;197.37;blue
55.84;151.7;197.96;blue
54.84;150.33;196.32;blue
55.25;151.06;197.4;blue
54.27;151.43;198.7;blue
54.53;150.09;196.06;blue
55.24;151.55;198.04;blue
175.54;177.5;176.77;white
176.83;178.92;177.91;white
182.18;183.21;184.6;white
183.27;183.99;184.17;white
178.56;179.78;181.22;white
66.55;165.57;214.87;blue
71.9;168.84;216.14;blue
72.8;169.27;216.31;blue
71.26;168.31;215.79;blue
71.27;167.92;215.17;blue
74.42;170.26;217.13;blue
70.54;167.35;214.95;blue
75.88;168.35;213.84;blue
72.4;168.21;215.16;blue
71.63;168.08;215.1;blue
70.25;167.42;215.13;blue
68.63;166.86;215.44;blue
70.38;167.2;214.9;blue
68.94;166.38;214.48;blue
69.04;166.44;214.63;blue
69.3;167.38;215.52;blue
71.89;167.81;214.37;blue
68.23;166.02;214.3;blue
70.61;167.37;214.92;blue
70.48;167.34;214.93;blue
204.34;204.38;206.34;white
196.94;197.08;197.01;white
204.05;204.05;206.02;white
204.44;204.48;204.5;white
201.9;201.9;202.24;white
60.78;84.33;154.39;blue
67.42;92.1;163.0;blue
64.28;90.23;162.78;blue
68.1;90.72;159.25;blue
66.41;90.28;161.19;blue
70.36;92.98;162.95;blue
69.44;92.19;161.61;blue
68.34;91.47;161.63;blue
67.78;90.98;161.12;blue
63.8;89.98;162.68;blue
66.26;90.65;162.01;blue
64.21;87.89;158.86;blue
67.88;92.03;160.23;blue
62.37;88.28;160.99;blue
60.62;85.71;157.1;blue
69.98;92.42;161.64;blue
63.64;88.89;160.55;blue
71.88;95.11;165.01;blue
67.3;91.73;162.75;blue
62.11;85.11;155.0;blue
200.05;200.03;200.04;white
195.41;196.1;195.7;white
196.04;196.59;196.11;white
199.31;199.68;199.41;white
204.38;204.38;204.38;white
73.83;101.58;171.32;blue
78.84;106.24;178.59;blue
79.94;105.84;179.12;blue
78.15;105.03;172.31;blue
80.52;107.97;179.33;blue
79.85;106.85;179.04;blue
78.79;105.49;177.8;blue
81.95;108.23;180.69;blue
79.16;106.3;178.75;blue
81.77;108.44;180.25;blue
78.9;106.21;178.59;blue
80.08;107.04;179.23;blue
78.83;105.46;177.79;blue
81.38;108.29;179.73;blue
80.87;107.07;180.08;blue
74.2;102.37;173.31;blue
78.24;105.0;176.98;blue
78.19;106.75;178.95;blue
80.39;107.43;179.18;blue
81.52;107.45;179.49;blue
211.33;211.96;211.64;white
207.66;207.74;205.81;white
209.85;209.85;209.85;white
206.74;207.55;206.82;white
209.11;210.21;208.48;white
74.07;172.53;216.76;blue
73.77;173.3;217.26;blue
73.49;173.72;217.78;blue
74.8;173.45;217.48;blue
72.54;173.33;217.43;blue
73.48;172.54;216.82;blue
76.04;174.34;218.14;blue
73.18;173.7;217.93;blue
74.34;174.35;218.29;blue
73.87;173.3;217.4;blue
71.05;172.74;217.44;blue
74.62;173.96;217.86;blue
72.14;173.42;217.88;blue
72.34;173.32;217.51;blue
76.82;175.34;218.75;blue
73.46;173.4;217.32;blue
73.37;173.1;217.0;blue
74.11;173.53;217.48;blue
72.47;173.43;217.62;blue
74.84;173.79;217.64;blue
205.76;206.17;205.97;white
205.75;205.77;204.49;white
206.58;207.71;206.79;white
200.9;202.52;199.71;white
202.05;203.18;200.6;white
16.52;88.43;113.71;blue
17.59;90.16;115.55;blue
17.27;89.47;114.64;blue
21.84;97.23;124.48;blue
16.05;87.85;113.15;blue
16.84;88.93;114.1;blue
17.71;89.86;115.1;blue
19.69;94.18;120.72;blue
16.89;88.92;114.03;blue
21.96;85.56;108.42;blue
20.01;90.59;115.22;blue
17.59;90.04;115.28;blue
17.76;90.62;115.99;blue
18.63;91.63;117.4;blue
19.81;94.59;120.98;blue
17.43;89.71;114.91;blue
17.46;89.71;114.93;blue
17.16;89.47;114.65;blue
18.88;92.35;118.3;blue
17.46;89.79;114.9;blue
128.57;128.96;130.58;white
117.77;117.02;114.9;white
119.77;120.74;121.7;white
125.13;125.68;127.49;white
125.81;125.93;127.08;white
25.13;40.63;74.28;blue
26.62;41.49;73.71;blue
25.29;40.6;74.15;blue
25.33;40.58;74.12;blue
25.38;40.83;74.63;blue
23.44;38.69;70.84;blue
33.89;48.48;80.22;blue
25.07;40.56;73.91;blue
25.8;41.31;74.1;blue
24.99;40.13;72.57;blue
23.25;36.72;68.29;blue
25.42;40.9;73.3;blue
25.44;39.99;72.92;blue
23.58;38.8;70.85;blue
25.22;40.71;73.53;blue
24.71;40.16;72.98;blue
24.98;40.04;72.7;blue
25.95;41.23;75.13;blue
22.9;36.98;68.29;blue
24.56;39.61;72.02;blue
114.67;113.8;112.55;white
126.56;126.93;127.87;white
122.8;121.65;120.44;white
123.13;122.66;122.87;white
128.81;129.59;131.3;white
15.92;22.89;52.02;blue
15.38;22.17;50.88;blue
15.57;21.28;49.66;blue
15.57;20.54;46.64;blue
15.41;20.85;48.43;blue
16.39;23.8;52.74;blue
15.06;21.14;49.56;blue
15.24;20.68;47.3;blue
15.4;20.79;47.67;blue
15.39;22.16;50.87;blue
15.27;21.9;50.4;blue
15.51;21.96;50.65;blue
15.07;20.64;48.94;blue
15.44;21.96;50.56;blue
16.09;22.98;52.02;blue
15.12;22.23;51.23;blue
15.38;21.95;50.6;blue
15.92;21.5;48.91;blue
15.26;21.7;49.88;blue
15.39;21.82;50.42;blue
91.58;91.56;94.06;white
94.28;93.98;97.05;white
91.42;91.51;93.23;white
85.68;85.75;87.63;white
95.61;95.55;98.14;white
6.47;57.85;83.02;blue
5.25;59.27;85.42;blue
5.22;60.06;87.44;blue
5.09;58.75;84.82;blue
5.52;59.39;85.64;blue
4.36;59.01;86.52;blue
5.94;57.59;83.21;blue
4.91;58.15;84.13;blue
5.33;57.41;83.05;blue
4.31;59.42;87.04;blue
5.4;59.45;85.66;blue
6.34;61.57;88.64;blue
5.39;57.25;83.03;blue
5.12;58.61;84.72;blue
5.44;58.99;85.46;blue
5.26;59.67;86.19;blue
5.8;59.16;86.02;blue
5.49;60.16;87.43;blue
5.1;60.15;87.03;blue
5.13;59.32;86.47;blue
88.2;87.84;87.74;white
88.93;88.76;90.61;white
99.4;98.84;100.83;white
89.84;89.75;90.94;white
85.44;85.42;85.23;white
11.0;13.81;26.81;blue
11.18;14.14;27.14;blue
10.85;13.64;26.61;blue
10.76;13.76;27.36;blue
11.1;14.07;27.48;blue
10.33;13.85;26.98;blue
10.38;13.58;26.6;blue
10.88;13.72;26.66;blue
10.79;13.98;27.23;blue
10.81;13.89;27.12;blue
10.73;13.83;26.84;blue
10.4;13.86;27.17;blue
11.73;14.78;30.03;blue
11.04;13.51;26.42;blue
11.07;13.69;26.68;blue
11.65;14.18;26.41;blue
10.95;12.83;25.16;blue
11.05;13.53;26.39;blue
10.78;13.92;27.14;blue
10.44;13.79;26.86;blue
46.89;48.59;47.67;white
48.37;51.51;51.03;white
44.1;45.81;45.19;white
44.09;47.61;47.91;white
48.7;50.76;49.55;white
82.96;87.06;104.22;blue
90.62;92.48;107.02;blue
82.32;87.82;106.11;blue
82.81;88.1;106.22;blue
80.94;87.06;105.3;blue
84.29;87.42;102.79;blue
82.32;87.99;106.23;blue
87.05;89.31;104.36;blue
76.77;81.05;95.2;blue
76.05;83.52;102.5;blue
82.06;85.6;96.9;blue
82.22;87.7;105.78;blue
87.61;90.12;105.52;blue
81.82;87.56;105.92;blue
81.6;87.31;105.72;blue
86.76;90.3;107.23;blue
82.54;89.43;108.52;blue
81.71;87.44;105.89;blue
79.3;87.25;106.5;blue
85.19;89.56;107.24;blue
208.31;181.39;114.38;white
221.08;196.06;129.03;white
214.68;190.63;120.45;white
219.18;194.2;127.14;white
220.04;194.14;127.15;white
76.56;155.36;159.54;blue
74.32;156.4;161.9;blue
69.97;149.42;154.8;blue
75.91;156.2;160.83;blue
75.7;156.12;160.94;blue
76.31;156.35;160.95;blue
75.32;154.64;158.99;blue
77.27;156.56;161.0;blue
68.44;149.63;155.35;blue
76.31;156.55;161.1;blue
76.38;156.82;161.21;blue
77.84;156.89;161.23;blue
77.06;156.04;160.66;blue
71.16;153.72;159.53;blue
70.6;152.84;159.2;blue
76.22;156.31;160.84;blue
73.53;156.02;161.88;blue
75.84;156.32;161.17;blue
76.43;157.86;163.14;blue
75.22;156.37;161.46;blue
208.47;179.72;123.67;white
219.48;193.11;136.73;white
219.21;191.18;136.19;white
211.94;184.19;127.76;white
219.54;193.25;136.73;white
74.67;98.5;162.59;blue
70.26;93.22;153.42;blue
75.99;99.78;164.79;blue
74.64;97.21;159.17;blue
76.18;99.65;163.58;blue
74.14;98.05;162.11;blue
74.33;98.14;162.52;blue
72.84;95.14;159.03;blue
73.98;97.96;162.81;blue
70.92;95.32;158.7;blue
70.41;92.75;151.46;blue
75.44;99.06;163.26;blue
71.28;93.12;150.4;blue
74.28;98.15;162.77;blue
70.55;94.77;158.12;blue
73.56;97.41;161.08;blue
75.79;100.1;165.62;blue
73.84;97.52;161.13;blue
71.82;95.79;160.12;blue
70.7;94.99;159.24;blue
197.15;193.78;179.9;white
209.5;207.13;194.54;white
195.9;193.21;179.8;white
201.94;198.24;183.9;white
211.1;207.14;194.98;white
66.63;164.48;202.92;blue
66.23;163.9;202.47;blue
65.86;163.36;201.33;blue
65.46;163.05;201.05;blue
64.47;164.23;203.94;blue
67.08;165.99;205.4;blue
66.06;164.1;202.75;blue
66.82;165.46;205.12;blue
64.89;163.76;203.07;blue
65.07;163.55;202.56;blue
65.76;163.46;201.47;blue
63.26;162.1;201.24;blue
99.09;172.67;201.01;blue
66.39;164.3;202.99;blue
69.51;167.83;206.83;blue
66.32;164.31;202.65;blue
67.15;164.34;202.16;blue
61.5;158.48;196.16;blue
64.4;162.22;200.13;blue
66.88;164.48;202.9;blue
194.44;191.88;179.18;white
203.43;199.41;186.26;white
202.79;199.67;188.09;white
194.04;190.54;177.07;white
208.86;204.97;192.94;white
49.58;143.22;180.77;blue
49.52;142.33;179.54;blue
47.0;138.78;175.6;blue
49.53;143.32;181.01;blue
48.37;138.31;174.76;blue
48.69;142.79;180.83;blue
48.9;142.98;181.11;blue
49.19;143.41;181.6;blue
50.76;144.54;182.86;blue
48.88;142.4;180.14;blue
49.55;143.18;180.71;blue
50.12;141.65;178.4;blue
45.58;140.36;181.0;blue
46.73;142.07;181.33;blue
52.22;145.96;184.35;blue
50.44;142.47;179.57;blue
50.91;145.07;183.74;blue
44.45;138.8;177.54;blue
50.89;142.62;179.5;blue
49.53;142.41;179.92;blue
172.34;170.64;161.45;white
171.9;169.17;159.41;white
179.28;176.06;165.22;white
171.64;169.96;161.46;white
172.98;171.8;164.35;white
44.06;64.6;118.67;blue
44.34;64.58;118.43;blue
44.77;64.97;118.61;blue
46.87;68.25;122.8;blue
43.49;62.39;114.76;blue
45.89;67.57;122.58;blue
48.38;69.12;123.59;blue
42.76;62.74;116.24;blue
46.26;66.89;120.16;blue
47.21;68.7;123.7;blue
44.18;62.75;113.84;blue
51.1;69.24;119.48;blue
44.5;66.12;120.75;blue
44.25;65.32;119.48;blue
43.64;62.53;115.18;blue
47.52;66.27;116.77;blue
43.55;64.01;118.34;blue
43.43;65.38;120.92;blue
45.46;67.01;121.66;blue
45.8;63.56;114.72;blue
172.02;169.71;158.81;white
174.31;171.74;160.67;white
168.34;166.54;156.83;white
179.27;175.49;164.43;white
168.58;166.29;158.03;white
54.54;150.56;193.49;blue
57.2;151.04;192.55;blue
54.47;149.86;193.29;blue
57.19;151.56;193.68;blue
73.89;154.56;191.2;blue
54.54;149.35;191.95;blue
59.56;152.75;194.3;blue
51.68;146.68;190.78;blue
51.42;147.22;190.2;blue
55.85;151.77;195.32;blue
52.51;148.86;192.35;blue
55.08;148.8;191.58;blue
56.55;152.0;195.38;blue
57.17;152.04;193.92;blue
54.81;150.71;193.71;blue
56.89;149.94;191.89;blue
52.88;149.32;192.52;blue
52.28;149.99;192.46;blue
55.26;150.02;190.9;blue
56.9;151.68;194.52;blue
183.89;182.77;179.38;white
190.74;188.56;184.46;white
190.09;188.57;184.46;white
179.2;178.82;175.0;white
186.39;185.62;182.68;white
51.23;74.34;134.73;blue
49.2;71.06;131.29;blue
50.35;73.76;136.11;blue
49.27;74.5;136.99;blue
48.36;71.36;132.71;blue
51.26;72.81;133.34;blue
50.55;71.24;130.94;blue
50.13;74.2;135.73;blue
50.54;72.01;133.5;blue
50.75;74.76;134.9;blue
51.7;74.49;135.22;blue
50.19;72.93;134.35;blue
50.84;73.33;133.34;blue
51.01;73.1;133.12;blue
49.15;70.46;127.99;blue
51.87;76.46;137.16;blue
50.25;71.68;131.4;blue
53.65;75.53;135.61;blue
51.9;73.66;134.4;blue
53.27;74.39;133.24;blue
189.63;188.7;184.92;white
186.45;184.94;180.68;white
184.2;183.25;178.88;white
190.17;189.6;184.73;white
183.66;182.85;179.14;white
30.56;42.49;84.67;blue
30.66;43.62;85.54;blue
32.04;42.12;84.78;blue
31.03;42.48;85.69;blue
31.91;42.24;84.85;blue
31.31;42.52;85.62;blue
31.86;43.78;87.93;blue
31.46;41.56;84.27;blue
30.09;40.53;83.21;blue
30.26;42.76;85.52;blue
29.74;42.25;87.78;blue
30.12;42.98;86.16;blue
30.67;40.5;83.89;blue
34.68;46.1;90.26;blue
30.9;43.18;88.01;blue
30.52;41.41;85.12;blue
31.8;44.52;88.06;blue
29.86;41.84;86.12;blue
30.81;44.68;88.04;blue
31.36;45.37;89.35;blue
149.58;149.07;147.04;white
141.29;140.66;138.94;white
145.64;145.45;142.8;white
145.47;145.11;143.62;white
149.22;148.78;145.94;white
24.22;106.2;142.48;blue
22.11;102.91;139.48;blue
22.83;104.02;140.1;blue
23.99;106.56;142.48;blue
22.75;104.82;140.99;blue
21.98;103.29;139.65;blue
24.09;106.72;143.24;blue
20.65;102.0;138.29;blue
24.2;105.66;142.15;blue
22.44;104.4;140.87;blue
22.84;104.9;140.97;blue
22.84;105.65;142.21;blue
24.2;105.66;142.15;blue
116.22;128.76;134.94;blue
26.65;108.84;145.3;blue
22.93;102.97;139.32;blue
21.85;103.2;139.6;blue
23.77;105.15;141.14;blue
57.01;109.49;133.14;blue
24.0;105.12;141.01;blue
140.2;139.32;137.6;white
147.13;146.34;143.95;white
143.87;143.31;141.51;white
145.88;145.09;143.24;white
147.72;147.34;145.12;white
18.63;19.53;41.11;blue
18.74;19.92;42.14;blue
19.43;19.96;42.03;blue
18.02;20.22;41.61;blue
17.94;20.23;41.6;blue
19.08;19.86;41.46;blue
19.94;20.78;42.32;blue
18.89;19.8;40.34;blue
18.57;20.3;41.48;blue
18.64;21.41;44.26;blue
19.01;20.65;42.84;blue
18.48;20.54;42.17;blue
18.4;20.72;42.36;blue
18.57;20.32;42.84;blue
18.96;20.32;42.24;blue
17.76;20.16;41.72;blue
19.05;19.65;42.05;blue
18.07;20.7;43.85;blue
18.95;19.74;41.28;blue
19.15;20.26;41.6;blue
91.47;92.23;91.93;white
83.1;84.31;83.78;white
76.56;77.93;77.64;white
88.07;89.45;88.86;white
80.54;82.0;82.28;white
23.23;35.9;65.96;blue
22.57;35.61;65.05;blue
23.53;35.3;64.06;blue
23.18;36.42;64.85;blue
22.41;33.54;62.93;blue
23.23;36.48;65.58;blue
21.72;36.34;65.47;blue
23.9;35.52;63.66;blue
24.04;34.96;64.47;blue
21.36;35.42;64.09;blue
21.54;35.9;65.28;blue
21.39;35.34;64.12;blue
20.37;34.57;62.86;blue
22.11;35.42;64.22;blue
22.36;34.38;63.18;blue
21.32;32.85;59.56;blue
23.02;36.16;66.14;blue
23.32;35.53;64.5;blue
21.91;35.36;63.63;blue
20.89;32.06;56.88;blue
99.35;104.48;107.09;white
96.07;101.66;104.04;white
104.23;108.34;109.59;white
107.16;111.3;113.36;white
100.13;103.98;106.38;white
15.72;88.17;112.99;blue
11.66;76.96;100.62;blue
13.12;79.23;102.32;blue
16.01;87.68;113.75;blue
13.84;85.42;110.81;blue
11.4;74.68;99.44;blue
15.01;88.08;114.24;blue
14.34;82.2;107.18;blue
15.44;88.49;114.41;blue
15.66;88.47;114.42;blue
15.06;87.96;113.82;blue
15.74;89.01;114.77;blue
14.89;88.42;113.41;blue
14.98;87.69;113.35;blue
14.43;87.98;114.21;blue
12.68;81.82;107.64;blue
15.98;88.81;114.92;blue
14.01;86.81;112.54;blue
15.85;87.69;113.85;blue
15.15;86.38;110.74;blue
116.15;118.17;118.4;white
91.04;94.83;96.57;white
102.2;104.55;106.28;white
102.29;105.79;107.1;white
102.66;108.35;110.1;white
148.22;176.4;57.03;green
148.23;175.96;57.0;green
146.38;174.99;54.54;green
148.5;176.82;57.03;green
149.4;175.95;58.58;green
148.23;175.94;56.89;green
146.83;174.48;56.08;green
146.08;174.66;53.9;green
149.23;176.44;58.89;green
148.43;176.4;55.87;green
146.52;175.07;53.9;green
148.1;176.25;55.47;green
147.72;175.97;54.81;green
148.05;175.54;57.36;green
148.9;176.01;59.51;green
146.46;174.9;53.84;green
147.98;175.33;57.34;green
149.52;176.61;59.37;green
147.15;175.35;54.66;green
147.38;175.25;56.0;green
175.63;177.53;177.4;white
180.76;182.91;183.64;white
179.23;180.29;181.0;white
179.25;182.61;173.84;white
179.82;180.64;181.65;white
96.8;166.92;47.22;green
99.4;169.71;50.28;green
97.18;168.07;47.72;green
97.37;168.09;47.86;green
97.19;167.87;47.55;green
98.0;168.04;48.16;green
99.63;168.87;50.98;green
97.4;168.53;47.49;green
99.59;169.33;50.47;green
97.07;168.5;46.84;green
99.35;169.78;50.3;green
96.53;167.11;46.72;green
98.65;170.26;49.13;green
101.41;169.46;52.54;green
101.85;169.56;52.82;green
101.8;169.56;52.86;green
100.01;170.18;50.8;green
100.25;169.24;50.71;green
94.45;166.27;45.55;green
98.29;168.59;48.97;green
176.52;178.16;179.42;white
180.39;181.32;182.14;white
181.8;182.82;183.68;white
182.61;183.83;186.24;white
182.67;183.8;186.39;white
89.39;154.43;57.92;green
89.5;151.45;56.23;green
88.06;152.68;56.11;green
89.78;154.36;58.13;green
90.02;153.6;57.8;green
89.69;154.08;57.84;green
88.94;152.74;56.59;green
89.27;154.63;57.99;green
89.78;153.95;58.53;green
87.78;149.92;56.73;green
90.15;154.67;58.42;green
89.76;153.76;58.07;green
89.05;153.97;57.8;green
90.02;154.38;58.0;green
89.85;153.85;58.68;green
90.61;153.57;59.22;green
89.38;154.6;57.67;green
89.32;152.94;59.66;green
91.33;154.39;59.96;green
89.54;153.81;58.36;green
177.81;179.08;180.87;white
182.16;183.08;184.98;white
181.83;183.07;185.72;white
180.31;182.77;183.18;white
181.52;183.95;183.31;white
73.95;102.21;78.72;green
74.89;103.21;80.33;green
73.94;102.14;78.55;green
73.95;102.22;79.01;green
74.66;101.69;78.92;green
74.41;102.55;79.29;green
74.72;102.57;79.44;green
72.29;99.52;76.24;green
75.6;103.26;80.75;green
74.06;101.69;78.15;green
76.57;102.49;80.44;green
74.34;102.69;79.46;green
74.61;102.52;79.55;green
73.94;102.36;78.89;green
74.74;103.57;79.94;green
75.28;103.32;80.36;green
74.19;101.96;78.37;green
73.56;102.65;78.96;green
73.96;102.16;78.64;green
75.17;103.07;80.3;green
182.78;183.71;185.6;white
183.05;184.14;186.17;white
183.16;184.3;183.82;white
177.91;179.43;178.72;white
180.23;181.58;181.21;white
69.16;146.25;86.74;green
69.3;146.45;86.49;green
70.27;146.89;87.22;green
71.66;145.49;89.3;green
69.2;145.99;87.0;green
68.12;145.17;85.11;green
70.7;146.5;88.57;green
69.96;146.06;88.26;green
69.59;146.3;86.93;green
69.11;145.92;86.44;green
69.26;145.72;86.12;green
70.46;146.92;88.61;green
69.2;146.2;86.2;green
68.31;143.29;84.02;green
69.96;145.86;87.21;green
70.61;147.26;87.83;green
69.48;146.26;86.92;green
68.78;143.03;84.05;green
71.14;146.35;89.03;green
70.74;146.67;87.8;green
182.62;183.69;185.85;white
174.74;176.92;176.15;white
182.17;183.22;185.03;white
182.59;183.6;183.34;white
174.82;176.92;176.02;white
82.71;161.27;99.26;green
85.4;165.75;102.91;green
84.08;164.92;101.48;green
85.02;165.29;101.47;green
83.82;164.66;100.19;green
84.6;165.51;101.85;green
83.74;161.13;101.3;green
84.19;164.29;102.38;green
82.91;160.97;100.82;green
84.76;165.52;101.48;green
84.01;164.24;102.32;green
82.51;161.2;98.92;green
84.4;164.53;102.62;green
84.17;164.2;102.62;green
83.79;163.98;102.17;green
84.86;164.67;102.95;green
84.71;161.95;102.34;green
84.77;163.33;103.04;green
83.81;164.02;101.25;green
84.17;164.4;102.37;green
203.78;204.63;204.21;white
198.21;198.21;198.21;white
207.12;208.57;207.86;white
201.69;203.18;202.46;white
205.28;205.88;207.25;white
79.61;156.87;97.09;green
79.09;158.09;95.62;green
79.98;158.89;98.06;green
80.77;159.64;97.78;green
80.94;157.64;97.39;green
79.18;157.78;97.41;green
79.23;158.36;97.63;green
92.15;158.06;106.96;green
77.36;155.61;93.48;green
79.81;157.71;97.67;green
79.97;157.61;97.88;green
79.69;158.78;96.83;green
78.85;157.48;96.8;green
78.89;157.02;96.72;green
78.62;156.95;96.58;green
79.76;157.34;97.4;green
79.69;158.24;97.86;green
79.81;157.56;97.64;green
77.27;156.69;93.67;green
79.25;157.95;96.81;green
206.06;206.77;206.42;white
207.39;208.07;207.73;white
194.66;194.8;194.73;white
197.23;197.31;197.26;white
197.44;197.94;197.58;white
90.29;117.95;92.32;green
91.98;118.75;93.37;green
95.16;120.18;96.55;green
90.51;119.63;93.87;green
95.06;120.41;96.42;green
91.45;119.64;94.16;green
90.69;119.75;93.71;green
93.54;118.3;94.74;green
94.81;118.4;94.36;green
95.08;120.4;96.51;green
92.04;116.54;91.48;green
94.05;120.15;95.82;green
91.94;119.57;94.18;green
91.5;119.05;93.19;green
87.76;115.61;90.56;green
86.62;114.61;89.64;green
92.46;119.32;94.6;green
91.06;119.37;94.03;green
91.44;119.62;94.09;green
93.45;117.7;94.9;green
200.96;200.96;201.32;white
202.19;202.25;203.83;white
199.57;199.57;199.7;white
192.05;194.43;192.56;white
201.35;201.37;201.73;white
82.07;158.11;98.66;green
81.14;157.83;97.92;green
77.47;155.23;92.8;green
82.12;158.54;99.12;green
76.96;155.26;92.83;green
84.52;159.43;101.42;green
80.59;157.83;97.85;green
82.34;158.28;98.9;green
81.21;157.4;97.65;green
79.0;155.22;93.97;green
80.27;157.68;97.01;green
82.2;158.82;99.32;green
78.74;156.38;94.74;green
80.71;157.98;97.47;green
76.79;152.31;90.76;green
87.01;157.71;102.01;green
82.19;156.36;97.62;green
77.55;155.01;93.88;green
76.93;154.83;92.09;green
80.64;157.85;97.85;green
196.69;196.73;197.16;white
196.36;196.62;196.07;white
201.5;201.52;201.5;white
198.11;198.14;199.68;white
201.76;201.76;201.74;white
109.52;174.26;76.34;green
111.33;173.66;77.42;green
110.23;174.41;76.92;green
108.46;173.22;74.71;green
106.82;171.96;72.63;green
108.54;173.53;74.86;green
110.33;174.09;77.22;green
111.24;170.17;78.5;green
109.27;174.31;75.78;green
110.28;173.4;76.47;green
108.37;173.21;74.72;green
108.54;173.56;75.5;green
110.99;172.93;77.05;green
110.5;174.42;76.56;green
108.71;173.55;74.54;green
108.26;173.47;74.31;green
110.25;173.64;76.65;green
109.04;174.08;75.94;green
110.12;174.37;77.24;green
108.55;173.79;74.64;green
211.86;211.86;211.86;white
209.96;209.98;211.94;white
208.69;209.25;208.99;white
209.44;210.08;209.79;white
200.54;200.9;200.43;white
112.31;183.85;57.74;green
115.95;185.25;61.94;green
112.67;183.65;58.4;green
112.7;183.77;58.49;green
113.07;184.09;58.5;green
113.92;184.59;59.5;green
112.84;184.22;58.24;green
114.61;185.01;60.3;green
112.58;185.05;58.74;green
116.06;185.52;61.46;green
112.66;184.04;58.13;green
112.86;183.93;58.6;green
113.58;184.16;59.17;green
112.65;184.91;58.73;green
113.06;185.66;59.27;green
110.48;182.95;56.21;green
112.55;184.85;58.56;green
112.44;184.94;58.23;green
112.51;184.92;58.68;green
112.03;183.86;57.76;green
203.61;203.61;203.61;white
197.8;197.79;197.93;white
201.51;201.52;202.63;white
206.98;207.08;207.06;white
202.12;204.0;202.65;white
159.04;186.04;61.56;green
158.46;185.09;61.23;green
157.87;184.62;59.21;green
162.2;188.45;64.46;green
161.17;187.6;63.37;green
162.1;189.01;64.13;green
163.74;190.33;66.6;green
159.39;186.63;61.02;green
160.02;186.76;62.27;green
162.57;189.49;64.39;green
159.76;186.72;61.92;green
159.96;186.92;63.32;green
159.63;186.55;61.8;green
161.14;188.06;62.49;green
162.75;189.59;63.52;green
161.7;188.19;63.94;green
158.76;185.3;62.71;green
158.69;186.01;59.05;green
161.69;188.53;61.87;green
162.51;189.11;64.93;green
200.31;200.66;200.45;white
203.4;203.41;205.38;white
203.68;203.68;203.66;white
202.07;203.24;202.49;white
204.01;204.73;204.34;white
101.16;131.26;101.2;green
100.66;131.3;100.99;green
100.29;131.41;100.86;green
100.38;131.2;100.74;green
100.71;131.29;101.06;green
99.17;128.52;99.26;green
101.31;131.16;101.16;green
101.73;131.57;101.81;green
99.24;127.91;98.66;green
101.2;132.11;101.77;green
101.1;131.8;101.5;green
100.6;131.22;100.93;green
100.19;131.13;100.64;green
101.41;131.94;101.71;green
100.57;131.89;101.31;green
98.15;129.81;99.32;green
97.82;124.87;96.58;green
100.95;131.35;100.97;green
102.01;131.56;101.74;green
102.34;131.89;102.61;green
211.79;212.2;211.99;white
213.21;213.21;211.81;white
211.45;211.54;211.46;white
207.21;208.2;207.35;white
210.38;210.38;209.1;white
89.32;169.58;104.52;green
90.99;168.68;107.67;green
89.62;169.34;104.5;green
88.98;166.58;104.51;green
90.63;169.83;105.34;green
89.0;169.91;103.69;green
90.82;169.63;106.76;green
86.9;166.07;100.48;green
88.19;168.68;103.17;green
89.87;166.57;103.84;green
86.23;166.81;100.36;green
91.07;170.09;106.13;green
87.76;167.69;101.77;green
90.12;170.01;106.25;green
87.08;167.52;101.86;green
89.85;169.76;105.15;green
89.35;169.58;104.64;green
87.33;167.06;102.79;green
89.43;170.05;105.2;green
89.8;169.31;104.59;green
203.95;204.72;204.19;white
204.73;205.07;204.87;white
203.19;203.75;201.03;white
206.44;206.43;204.53;white
203.27;204.41;203.67;white
109.95;175.58;75.5;green
110.06;175.67;75.46;green
110.47;175.84;75.97;green
109.74;175.47;75.49;green
109.95;175.57;75.56;green
110.06;175.78;74.86;green
111.11;174.04;76.59;green
111.66;175.44;76.92;green
111.76;175.77;77.19;green
111.28;176.45;76.41;green
110.62;175.92;75.88;green
110.75;176.03;76.06;green
110.59;176.06;75.37;green
110.72;175.9;76.06;green
108.6;173.94;73.9;green
112.89;177.64;78.07;green
111.26;176.18;76.34;green
110.41;175.84;75.28;green
111.14;176.42;75.76;green
111.65;175.08;77.55;green
207.41;207.41;205.94;white
202.93;204.01;202.7;white
208.31;208.31;206.66;white
208.42;209.19;208.99;white
208.38;208.38;208.38;white
118.04;193.5;64.03;green
119.38;194.1;65.03;green
118.78;193.57;64.41;green
120.04;193.73;65.16;green
120.65;194.17;65.65;green
118.66;191.66;64.81;green
121.54;193.53;66.4;green
120.63;193.35;65.96;green
118.82;193.53;64.72;green
117.43;190.62;64.08;green
120.43;193.15;65.31;green
120.37;193.78;65.46;green
119.09;193.58;64.77;green
119.69;193.46;65.04;green
121.83;194.43;66.54;green
118.1;193.63;64.12;green
118.64;193.44;64.35;green
119.49;193.54;64.62;green
119.21;193.6;64.7;green
118.74;193.44;64.43;green
202.43;204.33;201.76;white
210.17;210.18;208.43;white
206.42;206.99;204.77;white
211.78;212.17;211.98;white
210.09;210.09;210.09;white
168.43;196.13;68.25;green
165.8;193.32;65.57;green
167.18;194.97;66.7;green
167.12;195.1;66.68;green
167.09;195.09;66.71;green
166.8;194.96;66.17;green
166.6;194.45;66.45;green
167.21;195.48;66.34;green
167.63;195.74;66.25;green
166.99;195.77;66.39;green
167.71;195.64;67.78;green
167.6;195.67;67.25;green
167.37;195.18;67.08;green
167.17;195.27;66.87;green
165.93;193.82;66.01;green
166.96;194.8;66.72;green
167.44;195.48;67.05;green
167.92;195.98;67.41;green
166.8;194.63;66.45;green
166.92;195.37;65.36;green
207.66;207.68;207.67;white
206.5;206.5;206.17;white
207.63;207.66;206.14;white
207.72;207.78;207.77;white
207.52;207.73;205.88;white
105.5;132.5;105.34;green
100.38;131.02;101.03;green
100.7;131.54;101.13;green
100.94;130.99;101.08;green
102.43;131.28;101.89;green
97.29;123.75;96.14;green
98.73;125.53;97.04;green
95.81;126.57;96.36;green
98.0;129.36;99.14;green
100.78;131.29;101.12;green
102.53;131.48;101.99;green
100.55;131.24;100.91;green
100.86;132.0;101.43;green
109.18;133.85;107.77;green
100.58;131.22;100.85;green
101.39;128.82;100.79;green
100.23;131.3;101.04;green
101.67;131.5;101.4;green
99.35;130.13;99.62;green
100.53;131.08;100.91;green
211.81;211.84;210.64;white
210.4;211.37;210.54;white
209.78;209.78;209.78;white
211.86;211.94;210.45;white
203.34;205.28;202.57;white
35.39;48.73;34.4;green
33.8;45.9;32.58;green
35.11;48.15;34.1;green
35.72;49.11;34.76;green
34.95;47.38;33.59;green
36.05;49.26;35.24;green
50.57;61.35;49.74;green
36.12;49.52;35.44;green
36.47;49.76;35.62;green
35.1;47.44;33.99;green
35.52;48.85;34.63;green
34.64;46.76;33.46;green
35.05;47.27;33.64;green
35.68;48.9;34.57;green
35.06;47.84;33.79;green
35.52;48.62;34.16;green
35.11;47.98;34.11;green
35.86;49.08;34.94;green
39.07;52.26;37.9;green
34.96;47.42;33.63;green
134.66;134.0;133.76;white
121.6;121.58;120.79;white
126.45;126.82;127.87;white
126.38;126.92;128.59;white
132.49;132.45;132.75;white
96.12;114.65;27.16;green
99.42;118.42;28.8;green
100.04;119.31;28.97;green
101.15;120.56;30.04;green
107.07;127.56;35.89;green
99.13;118.28;28.7;green
100.21;119.22;29.55;green
99.81;118.69;29.18;green
97.97;116.85;27.39;green
97.16;115.98;26.92;green
100.1;119.05;29.41;green
99.94;119.03;29.52;green
94.14;112.67;24.04;green
99.25;118.46;28.25;green
102.91;122.54;32.25;green
107.93;128.44;36.84;green
94.24;112.8;23.87;green
103.17;122.8;31.98;green
104.24;124.21;33.24;green
101.27;120.65;30.76;green
114.33;113.21;113.48;white
99.83;100.25;99.55;white
138.26;138.3;139.91;white
102.08;102.21;101.26;white
125.09;125.73;127.07;white
51.05;100.61;16.08;green
48.93;97.25;14.69;green
50.8;100.14;15.68;green
53.26;104.03;18.31;green
52.3;102.92;17.24;green
51.72;101.92;16.26;green
52.49;103.38;17.61;green
54.35;105.54;17.94;green
54.4;105.22;18.05;green
49.85;98.12;15.36;green
51.56;100.7;16.09;green
51.85;101.63;16.57;green
51.68;101.38;16.43;green
55.15;106.48;19.2;green
53.24;103.68;17.41;green
55.64;107.21;19.93;green
55.44;107.24;19.37;green
54.63;105.52;18.23;green
54.12;105.13;18.18;green
52.24;102.43;17.0;green
112.26;111.78;110.24;white
113.14;112.57;111.29;white
103.07;103.01;102.12;white
108.39;108.06;106.62;white
133.59;133.4;133.78;white
48.01;90.73;23.69;green
47.62;91.62;24.14;green
47.99;91.98;24.36;green
47.77;91.77;24.93;green
45.36;88.06;22.47;green
48.14;91.14;23.93;green
47.62;90.86;24.31;green
47.61;91.26;24.04;green
47.22;91.08;24.37;green
43.05;84.82;20.36;green
44.11;85.93;21.12;green
47.85;91.46;24.24;green
47.8;91.7;24.51;green
45.98;89.38;22.84;green
47.75;91.69;24.68;green
43.51;85.88;20.95;green
48.42;92.54;25.18;green
53.64;95.44;27.82;green
44.93;88.24;22.28;green
48.35;92.23;24.68;green
112.37;111.6;109.28;white
125.84;126.21;126.84;white
126.65;125.64;123.7;white
110.18;109.84;108.59;white
132.61;132.07;132.65;white
28.51;78.88;38.86;green
31.01;83.08;41.19;green
27.47;75.2;37.31;green
27.93;77.86;38.68;green
29.56;76.4;39.06;green
29.44;81.12;40.52;green
27.51;75.3;37.24;green
27.99;77.6;37.99;green
30.98;83.28;41.41;green
27.76;76.36;37.92;green
27.97;77.29;38.56;green
27.63;73.12;36.75;green
32.4;84.32;44.69;green
29.25;80.82;40.29;green
27.82;75.57;36.99;green
29.79;82.2;41.12;green
30.38;82.09;42.07;green
31.38;84.3;42.11;green
31.18;83.72;42.06;green
29.62;81.69;40.89;green
120.15;119.03;117.79;white
122.57;121.46;120.02;white
109.69;109.34;108.74;white
100.0;100.51;100.27;white
119.51;120.41;121.79;white
22.7;29.74;21.94;green
22.67;29.63;21.87;green
23.21;30.29;22.4;green
22.13;29.24;21.43;green
22.52;29.44;21.72;green
23.91;30.84;23.18;green
22.17;29.11;21.35;green
22.28;29.31;21.53;green
22.7;29.71;21.94;green
21.75;28.7;21.09;green
21.66;28.66;21.11;green
22.23;29.24;21.55;green
21.87;28.82;21.16;green
22.4;29.4;21.71;green
22.15;29.1;21.43;green
22.45;29.49;21.72;green
22.12;29.2;21.4;green
23.0;30.02;22.29;green
21.5;28.39;20.87;green
22.73;29.86;22.06;green
96.32;94.88;97.34;white
100.42;99.29;102.17;white
99.09;97.76;100.86;white
90.77;90.15;93.14;white
96.9;96.88;99.66;white
19.31;26.35;19.04;green
19.68;26.54;19.31;green
19.68;26.67;19.36;green
20.37;27.33;19.93;green
19.24;26.24;18.84;green
19.75;26.72;19.42;green
19.79;26.68;19.43;green
19.61;26.57;19.3;green
20.1;26.93;19.63;green
19.07;26.06;18.75;green
19.51;26.55;19.29;green
20.03;26.89;19.71;green
20.18;27.07;19.82;green
19.11;26.25;19.0;green
19.75;26.65;19.55;green
19.79;26.8;19.52;green
20.51;27.41;20.05;green
19.56;26.48;19.24;green
19.97;26.92;19.67;green
19.15;26.2;18.96;green
91.51;91.38;94.22;white
93.29;92.42;96.48;white
79.92;79.5;81.81;white
85.34;84.11;86.67;white
95.83;94.48;97.35;white
12.56;45.24;19.31;green
12.89;46.89;21.22;green
13.04;46.59;21.0;green
12.7;47.11;21.08;green
13.05;46.81;21.26;green
12.92;44.65;19.24;green
13.69;45.96;20.57;green
13.06;46.82;21.27;green
13.2;47.22;21.52;green
13.44;47.73;21.83;green
14.22;49.05;23.73;green
13.65;45.16;19.9;green
14.04;47.18;22.24;green
13.1;46.88;21.21;green
13.32;47.42;21.87;green
14.9;46.1;20.89;green
13.2;45.8;20.53;green
13.15;47.28;21.09;green
13.08;47.04;21.39;green
13.2;46.86;21.2;green
84.11;84.08;86.08;white
93.03;92.9;95.08;white
90.36;90.0;93.68;white
79.19;79.21;80.36;white
86.65;86.37;87.16;white
28.25;67.85;1.59;green
27.62;66.96;1.31;green
28.37;68.2;1.36;green
28.03;67.95;1.17;green
29.52;66.85;2.08;green
27.27;66.23;1.73;green
29.09;69.64;1.55;green
28.88;67.21;1.74;green
28.36;68.71;1.5;green
28.0;67.91;1.31;green
28.2;66.33;1.6;green
27.78;67.24;1.45;green
27.05;63.97;2.87;green
27.63;65.96;1.42;green
28.48;67.91;1.58;green
26.27;64.41;1.5;green
29.75;69.37;1.82;green
29.46;67.93;1.96;green
27.06;66.3;1.24;green
27.65;66.57;1.19;green
96.87;96.86;97.96;white
95.59;95.51;97.26;white
85.03;85.18;85.14;white
89.46;89.62;90.44;white
99.4;99.24;100.19;white
23.78;52.95;6.81;green
25.91;53.73;7.88;green
22.64;51.12;5.97;green
23.33;53.09;6.78;green
22.67;51.2;6.09;green
23.36;51.74;6.37;green
23.46;52.85;6.56;green
34.93;57.25;21.0;green
24.28;53.43;7.38;green
25.77;53.5;7.76;green
23.85;53.37;6.96;green
25.07;53.71;7.2;green
23.1;51.48;6.34;green
25.44;55.28;8.3;green
25.35;55.66;8.43;green
25.6;53.84;7.88;green
23.45;53.02;6.61;green
22.46;50.53;5.86;green
25.5;54.89;7.76;green
25.28;55.28;7.86;green
89.75;89.53;90.19;white
91.61;91.24;91.26;white
92.8;92.74;92.67;white
88.92;89.01;88.99;white
93.55;93.62;94.47;white
12.13;28.35;2.81;green
12.94;28.05;2.61;green
12.14;28.6;2.74;green
12.05;27.63;2.1;green
12.49;28.74;3.3;green
13.41;29.0;4.05;green
11.93;28.11;2.44;green
12.13;28.87;2.88;green
11.88;28.08;2.26;green
12.02;27.73;2.12;green
11.66;28.03;2.21;green
12.01;28.55;2.58;green
12.28;29.06;3.07;green
12.28;28.65;2.82;green
12.93;27.81;2.42;green
12.06;28.19;2.36;green
12.2;28.92;2.94;green
12.05;28.0;2.27;green
23.03;34.01;16.16;green
12.1;28.04;2.17;green
41.81;44.59;45.42;white
40.11;42.17;43.15;white
43.79;46.57;46.08;white
37.56;38.15;36.45;white
43.95;45.74;42.78;white
7.48;24.78;12.82;green
7.52;25.02;12.7;green
7.86;24.64;12.61;green
7.46;24.95;12.9;green
7.57;24.38;12.53;green
7.68;24.32;12.5;green
7.27;24.82;12.9;green
7.72;24.88;12.71;green
7.38;25.3;13.04;green
7.62;24.26;12.22;green
7.89;25.4;12.89;green
7.63;24.88;12.62;green
7.46;24.8;12.91;green
7.87;25.1;13.01;green
7.42;25.06;12.95;green
8.2;25.07;12.98;green
7.63;24.16;12.41;green
21.8;31.12;23.07;green
7.46;25.24;13.2;green
7.37;25.54;13.23;green
40.49;43.6;42.05;white
48.28;50.09;48.01;white
41.98;43.94;43.06;white
47.73;49.44;46.86;white
46.41;48.43;45.9;white
183.98;178.34;34.64;green
183.4;178.64;33.34;green
184.15;179.11;34.67;green
183.44;178.93;32.59;green
183.86;178.76;34.49;green
183.13;177.82;33.82;green
183.32;178.39;34.01;green
184.47;179.37;34.79;green
188.17;182.32;36.65;green
183.16;178.34;33.3;green
184.0;178.94;34.51;green
183.48;178.54;33.52;green
184.02;178.74;34.65;green
183.88;180.6;33.26;green
183.91;179.49;32.74;green
183.19;178.41;33.3;green
182.98;178.11;33.84;green
181.89;176.89;32.88;green
183.81;178.76;34.45;green
183.11;178.31;33.28;green
220.59;194.66;133.75;white
223.7;198.18;136.39;white
215.08;189.46;126.38;white
218.51;192.8;130.92;white
215.93;190.13;127.63;white
107.34;108.03;49.15;green
101.93;105.27;44.91;green
109.16;110.66;50.9;green
103.81;106.78;46.88;green
102.0;104.68;45.02;green
103.88;106.61;46.6;green
103.86;106.77;46.97;green
106.18;108.24;48.6;green
105.65;108.12;47.54;green
108.3;109.63;50.24;green
102.37;104.26;45.45;green
104.01;107.08;47.26;green
106.05;108.56;47.69;green
106.64;107.98;49.38;green
106.79;109.23;48.39;green
108.28;110.13;50.22;green
106.98;108.72;49.3;green
102.79;104.69;45.56;green
103.31;105.17;46.23;green
103.7;106.28;46.95;green
219.61;193.6;135.85;white
220.81;192.7;136.7;white
220.82;194.34;138.21;white
211.22;182.27;125.06;white
209.48;180.82;122.86;white
99.65;158.95;63.19;green
102.31;159.59;64.57;green
99.58;157.32;62.13;green
103.42;160.52;65.57;green
103.56;159.97;65.29;green
98.61;153.79;60.19;green
97.16;156.33;61.32;green
100.72;158.77;63.43;green
98.33;157.34;61.75;green
97.94;156.72;61.61;green
100.48;155.16;61.27;green
98.98;157.26;61.83;green
99.83;154.05;60.12;green
100.69;158.11;63.03;green
96.95;156.54;61.1;green
92.61;148.12;55.4;green
95.71;152.68;59.22;green
100.63;158.53;63.3;green
97.51;149.89;57.36;green
98.44;157.38;61.89;green
211.78;183.72;127.59;white
222.45;195.48;140.63;white
219.51;191.98;137.04;white
211.3;183.06;126.56;white
221.2;194.3;139.18;white
129.29;167.79;28.08;green
131.0;161.95;34.6;green
126.37;166.98;26.44;green
129.48;169.84;29.18;green
129.45;167.2;28.05;green
125.14;165.51;24.92;green
129.08;169.51;28.74;green
128.28;166.85;27.44;green
126.6;167.1;26.55;green
128.24;168.67;28.09;green
121.1;162.82;23.33;green
123.73;165.74;24.7;green
128.48;167.06;27.95;green
126.37;167.02;26.46;green
145.65;165.9;50.39;green
117.53;158.69;20.18;green
128.94;166.95;27.6;green
122.18;163.55;24.04;green
127.57;167.08;27.28;green
127.94;166.1;26.38;green
213.16;186.63;129.72;white
219.11;192.97;136.18;white
217.38;188.87;133.07;white
209.17;180.84;124.32;white
217.58;190.36;134.38;white
122.55;160.59;37.45;green
125.59;162.36;38.57;green
124.29;160.54;39.0;green
127.33;161.57;39.09;green
126.23;162.86;38.68;green
122.72;161.37;36.32;green
126.18;163.98;38.18;green
123.73;160.84;38.5;green
124.34;161.82;38.46;green
123.82;161.65;38.22;green
124.78;162.49;38.47;green
124.48;161.92;38.58;green
123.64;161.42;38.17;green
122.72;161.4;36.3;green
126.27;163.01;38.74;green
123.68;161.33;38.28;green
116.4;154.11;32.05;green
123.2;161.65;36.66;green
118.78;155.09;33.55;green
122.62;160.41;37.91;green
212.11;183.99;127.97;white
222.44;195.43;141.24;white
224.1;197.72;142.89;white
215.61;186.65;131.15;white
219.35;192.36;137.49;white
18.94;45.66;28.43;green
19.23;45.28;29.38;green
19.6;45.66;29.4;green
18.63;44.08;28.24;green
19.57;44.4;28.62;green
19.91;45.34;29.54;green
20.49;46.26;29.18;green
20.21;43.57;29.25;green
17.02;44.79;27.77;green
20.19;43.54;28.75;green
17.26;45.75;28.08;green
16.93;44.41;28.36;green
17.32;45.97;28.14;green
19.99;43.36;28.43;green
19.42;42.76;28.92;green
19.02;46.06;28.73;green
17.76;45.0;28.5;green
19.89;42.8;27.96;green
20.15;45.77;30.12;green
17.64;43.9;27.9;green
85.47;86.59;86.8;white
78.64;80.68;80.92;white
78.67;80.1;79.95;white
90.23;91.56;91.19;white
83.3;84.67;85.02;white
36.36;44.55;37.16;green
35.75;44.95;37.78;green
35.27;42.92;36.02;green
36.84;46.41;38.89;green
34.93;43.15;35.96;green
35.22;43.69;36.88;green
37.91;48.04;40.47;green
35.3;41.97;35.77;green
39.68;50.13;43.11;green
35.71;44.86;37.76;green
35.24;43.1;36.34;green
35.9;42.9;36.04;green
35.58;43.75;36.33;green
35.89;46.15;38.35;green
35.94;44.44;37.18;green
35.9;44.22;37.07;green
36.95;46.5;38.9;green
37.33;46.58;39.38;green
36.38;43.56;36.22;green
36.59;45.63;38.36;green
115.08;117.97;119.22;white
91.7;96.28;98.14;white
108.48;110.26;112.12;white
109.49;112.53;113.39;white
108.18;112.12;114.17;white
28.87;73.51;46.06;green
31.71;76.24;49.51;green
30.46;70.15;44.53;green
27.47;67.97;42.18;green
32.33;66.54;43.88;green
33.91;78.26;52.16;green
27.89;69.78;42.58;green
29.06;71.72;45.39;green
29.44;71.07;44.2;green
29.49;71.84;44.91;green
28.79;72.61;45.65;green
29.42;71.12;44.23;green
27.06;68.52;41.6;green
29.01;71.19;44.96;green
31.99;66.48;42.68;green
29.43;73.56;46.15;green
29.62;69.75;43.42;green
28.56;70.14;42.79;green
29.8;69.37;43.11;green
29.56;72.92;45.76;green
92.03;97.29;100.24;white
88.58;93.54;96.45;white
100.7;104.53;107.56;white
112.31;114.56;116.35;white
113.75;116.02;117.2;white
36.25;79.82;31.53;green
33.7;79.59;31.48;green
34.59;76.32;29.64;green
34.35;78.45;29.74;green
35.27;76.15;31.71;green
33.99;80.06;32.58;green
34.44;80.47;31.06;green
37.36;80.56;32.72;green
33.52;77.96;29.67;green
33.33;76.07;28.32;green
35.64;77.44;30.64;green
35.32;78.42;30.03;green
35.99;82.36;34.14;green
34.42;75.48;28.88;green
33.26;79.1;29.9;green
34.59;80.3;31.56;green
35.43;81.95;33.92;green
34.95;80.41;33.04;green
33.33;73.97;27.6;green
34.87;78.12;29.37;green
109.47;113.88;115.12;white
111.79;116.05;117.62;white
109.46;112.88;114.21;white
101.18;108.03;110.79;white
99.84;105.96;107.57;white
83.68;109.94;31.33;green
85.28;111.75;33.75;green
92.61;123.32;47.52;green
84.52;109.09;33.15;green
79.0;104.94;28.34;green
82.15;109.02;30.74;green
82.27;106.19;27.59;green
78.31;103.01;24.51;green
82.74;109.31;30.94;green
82.38;108.71;32.39;green
92.62;124.07;47.2;green
82.04;109.02;30.53;green
82.56;108.5;31.66;green
83.53;109.12;31.86;green
86.0;111.39;34.88;green
84.43;113.83;39.34;green
81.43;107.88;29.59;green
82.32;108.61;31.11;green
82.13;109.36;32.19;green
80.83;106.54;32.97;green
97.21;102.06;104.7;white
114.61;115.94;116.89;white
103.49;107.08;109.95;white
105.7;107.69;109.57;white
97.09;99.9;102.8;white
34.24;78.59;18.01;green
40.42;83.29;19.88;green
35.01;79.09;17.68;green
31.71;68.53;12.3;green
35.74;78.57;17.94;green
35.03;80.2;18.49;green
35.12;80.11;18.77;green
35.05;78.91;17.86;green
33.88;77.42;14.64;green
35.28;75.39;17.18;green
37.8;82.23;18.16;green
33.97;78.11;16.19;green
35.29;79.81;16.8;green
39.7;80.88;23.55;green
32.82;72.64;12.9;green
37.6;81.7;19.76;green
34.78;78.41;15.46;green
34.97;77.8;16.27;green
35.81;77.54;16.73;green
35.18;79.02;16.62;green
70.28;70.64;66.89;white
79.6;80.47;76.44;white
74.05;74.58;71.57;white
106.68;109.44;110.5;white
68.34;69.69;68.08;white
199.65;67.4;48.34;red
195.89;64.76;45.32;red
196.14;64.06;44.11;red
196.36;65.22;45.85;red
200.42;68.34;49.32;red
196.06;64.85;45.5;red
198.11;65.12;45.17;red
196.5;64.24;44.35;red
197.44;65.74;46.52;red
191.81;68.44;49.92;red
192.15;61.37;41.38;red
200.41;67.37;47.79;red
195.87;64.82;46.04;red
196.73;64.26;44.35;red
194.38;63.09;43.4;red
194.82;62.5;42.59;red
197.39;64.94;45.55;red
198.54;67.16;47.82;red
190.94;62.39;42.36;red
195.01;64.74;45.67;red
170.56;168.71;167.87;white
177.08;174.5;173.7;white
177.59;176.0;175.25;white
177.45;175.08;173.93;white
176.77;175.08;175.3;white
189.46;59.25;39.64;red
194.94;65.36;46.73;red
190.74;61.35;42.29;red
193.97;63.4;44.41;red
193.39;63.0;44.22;red
192.33;62.32;43.17;red
195.47;64.47;45.1;red
191.62;60.81;41.76;red
196.04;65.64;47.03;red
194.98;64.54;45.68;red
193.13;62.43;43.42;red
193.26;62.78;43.8;red
190.7;61.01;41.98;red
191.44;61.18;42.16;red
189.6;59.71;40.35;red
192.88;62.54;43.46;red
196.36;65.7;47.2;red
193.63;63.0;43.95;red
193.08;62.34;43.32;red
192.53;62.11;43.08;red
150.91;152.11;151.3;white
166.51;165.23;164.3;white
173.52;171.59;172.06;white
174.42;172.84;171.9;white
160.59;160.53;160.48;white
195.41;57.88;28.57;red
198.96;61.55;32.81;red
191.42;55.75;26.4;red
196.23;58.94;29.8;red
194.39;57.91;29.23;red
194.55;58.05;28.59;red
196.22;59.02;29.62;red
195.99;58.4;29.16;red
197.18;60.19;31.6;red
193.61;56.57;27.43;red
196.27;58.55;29.5;red
188.5;54.71;24.94;red
193.98;57.25;27.84;red
195.79;59.65;30.62;red
197.81;61.01;32.2;red
192.5;57.68;28.12;red
198.23;61.08;32.74;red
180.43;62.51;35.26;red
186.81;58.3;29.13;red
195.96;58.24;28.93;red
183.84;157.66;133.09;white
159.76;141.62;123.77;white
180.18;157.84;136.58;white
169.86;151.4;134.87;white
153.58;137.2;120.99;white
194.08;59.5;32.85;red
192.24;58.29;31.53;red
192.9;59.32;32.76;red
196.47;61.33;35.12;red
193.92;59.4;32.75;red
191.51;59.26;33.12;red
194.94;59.9;33.29;red
196.46;62.42;36.53;red
196.32;61.28;35.51;red
192.41;57.95;31.17;red
193.38;59.5;33.55;red
197.62;63.17;38.25;red
194.57;59.78;32.89;red
188.01;55.74;28.77;red
197.33;62.81;37.27;red
196.65;62.34;36.84;red
195.18;60.58;34.22;red
195.82;61.64;35.38;red
189.01;56.11;29.22;red
194.42;59.94;33.53;red
179.17;160.61;145.76;white
173.25;154.88;139.91;white
181.39;162.6;148.34;white
180.4;160.8;143.69;white
162.07;149.35;136.44;white
190.62;58.41;35.28;red
192.12;60.09;36.96;red
192.32;59.54;36.33;red
194.8;61.42;39.23;red
194.91;61.84;39.53;red
189.87;59.36;36.42;red
191.8;59.64;36.71;red
195.42;62.97;39.89;red
192.13;59.49;36.48;red
190.4;58.99;35.58;red
193.76;60.57;37.78;red
191.45;59.8;36.78;red
189.87;59.36;36.42;red
193.1;60.48;37.84;red
194.32;61.07;38.43;red
188.9;58.73;35.81;red
186.48;55.54;31.7;red
193.05;60.54;37.91;red
191.74;58.98;35.98;red
190.05;57.91;34.08;red
170.97;160.69;153.89;white
154.7;146.38;138.58;white
167.56;155.87;146.78;white
155.73;147.21;138.39;white
148.0;141.45;135.07;white
181.68;94.76;78.91;red
193.12;62.29;41.02;red
191.69;61.07;39.83;red
192.2;61.05;39.28;red
189.35;58.82;37.11;red
187.77;57.59;36.88;red
192.72;61.63;40.24;red
189.08;59.74;39.1;red
192.76;61.66;40.5;red
187.08;56.77;34.97;red
185.63;62.88;43.28;red
192.78;61.81;40.63;red
189.49;59.14;37.74;red
191.66;60.74;39.08;red
193.3;62.26;40.64;red
180.17;61.85;42.51;red
192.78;61.58;40.35;red
188.91;58.22;36.18;red
192.55;61.37;39.85;red
190.05;59.14;37.28;red
161.64;155.19;151.49;white
148.02;144.94;141.42;white
159.95;155.46;151.59;white
159.33;155.38;151.47;white
167.07;159.79;156.4;white
189.76;61.65;42.83;red
190.47;61.5;42.5;red
189.24;61.06;42.12;red
188.99;60.4;41.24;red
192.49;63.32;44.87;red
187.3;60.63;41.66;red
192.83;63.32;44.92;red
186.28;60.31;41.52;red
192.05;63.62;45.48;red
189.15;61.59;42.99;red
184.17;57.25;37.8;red
157.46;89.66;79.52;red
192.78;64.18;45.67;red
189.11;60.58;41.65;red
190.39;63.12;44.72;red
190.04;69.73;52.54;red
187.52;60.31;41.48;red
190.93;63.04;44.47;red
188.39;59.84;40.79;red
191.76;63.14;44.96;red
164.15;162.2;162.02;white
168.5;166.01;165.79;white
159.86;159.17;159.79;white
171.05;168.47;168.48;white
170.49;168.08;167.73;white
194.52;65.29;47.39;red
194.48;65.36;47.6;red
191.46;64.36;46.93;red
191.8;62.74;44.36;red
195.3;66.15;48.59;red
194.07;65.67;48.01;red
195.7;67.42;50.32;red
196.69;66.77;48.42;red
190.8;62.55;44.31;red
192.53;64.95;47.3;red
190.95;63.5;45.36;red
194.92;66.1;48.32;red
197.17;67.31;49.37;red
194.62;64.97;46.82;red
196.37;67.77;50.08;red
190.82;62.07;43.58;red
191.77;64.62;47.12;red
194.63;64.93;46.88;red
194.53;65.52;47.86;red
193.19;65.25;47.48;red
170.9;172.38;177.02;white
175.18;176.34;180.87;white
159.81;162.46;166.48;white
154.67;158.51;162.27;white
163.04;165.11;169.25;white
183.49;60.9;45.53;red
189.81;64.13;48.94;red
189.97;64.18;48.95;red
191.98;66.68;51.63;red
191.56;67.36;52.8;red
190.04;64.71;49.44;red
188.93;63.92;48.67;red
190.18;64.76;49.52;red
188.08;63.58;48.34;red
185.58;64.14;49.25;red
193.12;68.08;53.16;red
191.06;66.96;52.2;red
188.84;64.21;49.11;red
185.21;60.85;45.07;red
192.79;66.39;50.24;red
190.14;65.26;50.07;red
190.98;66.72;52.11;red
184.84;63.11;48.05;red
189.45;64.25;48.97;red
190.18;64.76;49.52;red
162.68;170.91;179.6;white
150.0;158.58;165.78;white
161.51;170.01;179.62;white
161.42;169.76;179.67;white
167.06;174.49;184.5;white
190.88;50.23;32.86;red
195.32;54.21;37.52;red
195.56;55.48;40.09;red
191.36;53.65;37.62;red
194.35;54.05;37.81;red
194.02;53.23;36.8;red
191.52;54.2;38.35;red
195.74;55.98;40.32;red
193.92;52.69;35.89;red
194.92;54.23;37.78;red
194.22;55.04;39.44;red
194.14;53.32;37.14;red
193.8;52.95;36.48;red
195.04;55.14;39.58;red
195.57;54.99;38.66;red
194.76;54.29;37.93;red
195.42;55.06;39.38;red
195.3;54.37;37.81;red
192.63;53.11;36.48;red
194.54;53.99;38.08;red
164.45;167.96;178.6;white
161.44;165.23;176.01;white
173.35;175.78;188.07;white
178.42;152.5;159.58;white
160.21;164.32;175.06;white
187.02;48.53;31.43;red
183.9;46.61;29.46;red
187.17;49.08;32.4;red
187.16;49.42;32.19;red
187.26;49.92;32.82;red
185.92;49.35;32.59;red
185.35;48.82;31.75;red
181.58;43.98;26.59;red
181.48;47.02;29.88;red
185.89;48.17;31.05;red
177.72;70.28;58.8;red
187.87;48.74;31.55;red
187.17;48.6;31.54;red
187.55;48.46;31.26;red
183.04;48.03;31.17;red
183.5;58.62;44.4;red
185.94;47.21;29.8;red
186.58;49.58;32.42;red
186.73;48.87;31.67;red
186.58;48.13;30.95;red
168.72;171.48;181.07;white
167.21;169.97;178.71;white
171.3;173.39;182.52;white
156.15;159.77;167.1;white
151.95;154.38;162.04;white
212.87;63.95;40.08;red
206.01;62.49;40.72;red
203.16;61.78;40.08;red
211.77;63.26;39.39;red
207.42;60.49;36.99;red
212.74;64.62;41.06;red
211.75;62.82;38.69;red
212.27;65.61;42.47;red
211.36;64.14;40.61;red
212.1;63.18;39.54;red
212.64;63.7;39.93;red
210.31;63.23;40.08;red
210.54;62.42;38.84;red
212.86;64.77;41.32;red
211.4;62.88;39.36;red
213.44;64.94;41.32;red
213.48;64.38;40.38;red
211.44;62.44;38.35;red
211.8;64.13;40.86;red
208.71;64.48;42.46;red
176.7;178.47;178.02;white
180.45;178.31;179.47;white
174.55;176.77;177.42;white
176.5;178.25;177.94;white
181.27;181.85;183.06;white
205.32;55.25;80.44;red
204.79;60.57;83.37;red
204.17;55.94;81.33;red
204.54;58.59;81.18;red
204.57;58.24;81.27;red
204.44;62.96;83.58;red
202.0;64.01;84.5;red
203.83;55.48;80.77;red
204.3;60.05;81.76;red
204.92;58.71;82.28;red
202.78;65.42;84.04;red
206.51;57.23;83.12;red
202.15;56.74;81.34;red
204.92;57.23;81.25;red
203.68;64.95;83.86;red
204.68;61.2;83.79;red
207.13;58.16;83.38;red
204.58;57.6;81.03;red
205.97;56.76;81.44;red
205.0;56.76;80.7;red
176.04;177.86;177.46;white
182.03;182.98;185.02;white
181.85;182.97;184.99;white
175.16;176.98;177.57;white
178.71;179.87;180.57;white
226.72;72.35;95.08;red
224.42;71.94;96.18;red
225.11;72.1;94.81;red
227.32;72.45;96.08;red
228.08;75.01;98.27;red
226.68;72.38;95.08;red
219.99;72.54;99.12;red
226.79;72.34;95.14;red
225.37;71.15;97.03;red
226.5;72.46;94.93;red
226.6;72.25;94.9;red
229.15;73.18;98.64;red
226.55;71.64;94.74;red
226.45;72.29;94.89;red
227.02;74.1;98.01;red
226.82;72.39;95.16;red
226.44;71.25;94.72;red
226.0;71.12;93.8;red
227.26;72.1;97.94;red
227.03;71.91;95.19;red
207.28;207.36;207.33;white
209.2;209.25;209.22;white
207.32;207.35;207.33;white
207.0;207.02;207.03;white
207.76;207.76;207.76;white
223.4;69.03;45.78;red
224.69;70.82;47.62;red
229.73;72.43;49.81;red
228.21;72.25;49.45;red
226.82;71.22;48.12;red
227.8;73.01;50.3;red
230.09;72.52;50.02;red
225.36;69.82;46.7;red
222.56;70.04;46.82;red
230.26;74.07;51.5;red
229.38;72.96;50.09;red
226.58;70.65;47.61;red
228.17;72.91;49.95;red
226.53;71.84;48.98;red
227.43;72.11;48.98;red
231.33;73.96;51.45;red
223.3;68.88;45.6;red
228.24;73.18;50.49;red
228.94;74.92;52.32;red
226.99;71.68;48.67;red
194.68;196.05;195.28;white
196.28;197.81;196.98;white
202.33;202.37;202.78;white
194.24;194.4;194.27;white
204.97;204.97;204.97;white
232.62;75.96;97.18;red
237.99;80.83;101.82;red
238.86;80.83;102.81;red
238.16;79.21;100.81;red
238.98;79.09;100.48;red
234.87;76.61;98.72;red
238.12;79.84;101.12;red
231.58;77.93;101.63;red
238.02;79.61;101.63;red
238.05;83.36;103.49;red
237.83;80.36;100.93;red
238.5;81.16;102.43;red
236.78;79.24;101.01;red
231.8;76.69;98.32;red
238.06;80.5;100.97;red
236.61;80.83;102.71;red
237.96;80.38;100.92;red
238.75;80.46;103.18;red
238.37;80.17;100.96;red
237.0;77.67;100.39;red
205.84;207.54;205.17;white
207.94;208.55;206.34;white
210.55;210.5;209.77;white
211.66;211.76;211.7;white
209.79;209.8;209.8;white
243.92;85.46;61.2;red
243.01;84.44;59.52;red
243.65;85.07;60.23;red
242.19;83.98;60.24;red
243.42;83.52;57.81;red
243.09;83.99;58.35;red
243.03;83.58;58.03;red
241.99;82.3;56.85;red
243.52;84.96;60.16;red
242.56;84.03;59.85;red
243.46;83.67;58.21;red
243.5;85.02;60.27;red
243.26;83.24;57.17;red
243.09;83.51;57.97;red
243.09;83.66;58.08;red
243.13;83.48;57.87;red
241.8;81.73;56.08;red
239.06;80.44;56.28;red
243.2;83.6;58.12;red
243.21;83.14;56.95;red
211.03;211.15;209.7;white
205.1;206.52;205.5;white
209.56;209.56;208.25;white
211.34;211.34;211.33;white
211.34;211.34;211.34;white
127.3;24.43;8.51;red
127.32;24.56;8.66;red
128.18;25.51;9.86;red
121.51;23.04;7.56;red
128.9;26.02;10.24;red
129.78;26.93;11.27;red
127.84;25.49;9.79;red
128.31;25.53;9.82;red
128.14;25.43;9.56;red
120.02;22.72;7.09;red
127.68;24.89;8.96;red
124.98;24.07;8.74;red
127.08;24.31;8.52;red
125.5;23.83;8.45;red
126.9;25.04;9.4;red
120.15;22.64;7.06;red
127.22;25.07;9.51;red
124.65;23.64;8.34;red
125.14;23.56;8.36;red
124.24;23.78;8.31;red
123.82;124.02;124.11;white
116.2;115.8;116.05;white
129.55;129.8;131.81;white
133.94;133.9;135.57;white
120.66;120.47;120.58;white
128.14;25.03;38.01;red
116.93;22.2;33.07;red
114.86;21.43;31.68;red
118.41;22.32;33.25;red
126.82;25.42;36.54;red
126.7;25.09;36.37;red
127.7;25.52;36.5;red
120.5;24.42;36.22;red
127.6;25.51;36.56;red
127.03;25.26;36.62;red
127.11;25.3;36.37;red
127.43;25.38;36.53;red
125.82;24.94;36.92;red
125.09;24.51;35.68;red
124.63;23.73;35.96;red
123.93;24.06;35.09;red
127.95;26.09;38.34;red
126.48;25.1;36.68;red
126.61;25.11;36.02;red
122.99;25.02;36.48;red
109.54;109.11;107.89;white
137.28;135.68;135.63;white
107.86;107.62;106.9;white
130.31;130.56;131.13;white
127.29;127.61;128.89;white
75.18;9.67;18.57;red
75.34;9.94;18.85;red
75.74;9.93;19.01;red
73.35;7.94;16.98;red
72.53;7.73;16.95;red
72.89;7.85;16.95;red
73.57;8.08;17.29;red
73.49;8.1;17.06;red
73.68;8.06;17.08;red
73.57;7.74;17.08;red
73.83;8.58;17.46;red
73.4;7.86;17.06;red
74.05;8.37;17.26;red
73.3;7.76;17.19;red
75.96;10.53;19.49;red
73.44;7.9;17.16;red
75.45;9.19;18.01;red
73.46;7.81;17.04;red
74.81;8.78;17.84;red
74.42;9.22;17.58;red
80.17;80.27;81.32;white
80.54;80.64;81.68;white
91.28;91.22;93.51;white
89.13;88.36;89.07;white
92.42;92.03;92.99;white
77.28;9.69;0.82;red
80.28;11.33;1.91;red
80.06;11.34;1.88;red
79.54;11.37;2.32;red
75.28;9.1;0.77;red
74.76;8.87;0.54;red
80.82;11.58;2.01;red
77.28;9.4;0.64;red
78.43;10.41;1.44;red
81.7;11.92;2.47;red
77.35;9.54;0.73;red
81.11;11.77;2.34;red
77.2;9.42;0.72;red
77.82;9.92;1.02;red
76.08;8.74;0.47;red
78.39;10.41;1.48;red
79.34;10.32;1.38;red
77.97;10.38;1.44;red
79.06;11.25;2.32;red
77.12;9.71;0.87;red
87.35;86.97;88.98;white
80.81;81.1;82.54;white
90.06;89.74;92.28;white
89.45;89.22;91.79;white
87.44;87.0;87.78;white
81.47;11.33;1.69;red
78.34;10.46;1.4;red
75.6;9.0;0.45;red
78.12;10.48;1.45;red
77.63;9.98;1.07;red
78.72;10.57;1.5;red
79.18;11.02;1.7;red
76.86;9.81;1.01;red
78.28;10.31;1.27;red
78.66;10.63;1.54;red
78.45;10.45;1.42;red
78.18;10.24;1.27;red
78.63;10.71;1.61;red
78.02;10.19;1.17;red
77.94;10.07;1.11;red
80.37;11.17;1.57;red
78.58;10.53;1.43;red
77.61;9.72;0.92;red
79.36;10.95;1.87;red
79.34;10.95;1.6;red
93.8;93.47;94.23;white
82.59;82.73;83.84;white
91.18;90.86;91.29;white
79.44;80.22;80.94;white
81.77;82.14;82.68;white
39.99;5.02;0.99;red
40.58;5.57;1.41;red
40.39;5.44;1.2;red
40.35;5.29;1.15;red
40.84;5.81;1.54;red
39.62;4.57;0.79;red
40.7;5.7;1.49;red
40.84;5.82;1.07;red
40.7;5.64;1.34;red
40.26;5.27;1.08;red
40.64;5.6;1.3;red
40.6;5.6;1.25;red
40.4;5.34;1.15;red
40.15;5.17;0.95;red
40.47;5.47;1.33;red
40.42;5.42;1.16;red
40.44;5.42;1.03;red
39.66;4.7;0.91;red
40.6;5.62;1.58;red
40.61;5.63;1.3;red
42.26;43.5;42.4;white
45.89;46.53;45.78;white
42.15;43.47;42.92;white
44.6;45.99;43.71;white
46.48;46.66;44.81;white
39.32;4.39;10.16;red
40.03;4.84;10.09;red
39.73;4.95;9.98;red
39.99;9.9;14.06;red
39.97;5.13;10.68;red
39.3;5.06;10.23;red
40.18;4.89;9.95;red
39.32;4.78;10.36;red
39.43;4.83;10.1;red
39.29;4.49;10.1;red
38.83;4.56;9.78;red
38.98;4.77;9.98;red
40.15;5.08;9.44;red
39.72;4.99;9.87;red
39.18;4.38;10.17;red
39.71;4.91;10.35;red
39.94;4.95;10.11;red
39.24;4.76;10.18;red
39.72;4.68;10.16;red
39.44;4.92;10.04;red
38.48;42.14;40.7;white
25.5;21.57;21.04;white
46.75;48.77;46.52;white
49.02;50.89;48.81;white
36.06;36.9;38.18;white
239.05;72.43;51.14;red
234.7;73.64;51.98;red
229.85;73.46;50.48;red
238.23;72.07;50.84;red
237.42;72.51;51.44;red
235.26;71.44;50.65;red
238.53;71.6;50.98;red
238.59;71.96;50.84;red
237.87;75.12;52.82;red
239.3;73.74;52.14;red
236.98;70.55;50.6;red
235.89;74.18;51.98;red
234.78;72.66;51.37;red
237.3;74.34;53.13;red
236.79;70.87;50.76;red
234.14;72.55;50.86;red
237.25;70.31;50.6;red
233.69;71.72;50.05;red
235.24;71.12;50.48;red
236.38;69.96;50.34;red
211.39;185.5;118.47;white
210.57;184.57;117.56;white
221.95;197.85;131.29;white
217.77;192.78;126.17;white
220.95;195.88;130.06;white
239.96;76.26;24.08;red
242.57;80.24;28.56;red
240.46;77.84;26.29;red
240.83;77.33;24.99;red
240.03;75.98;23.75;red
242.38;78.86;26.88;red
240.8;77.33;25.25;red
232.3;75.68;24.77;red
241.65;80.04;29.0;red
241.51;78.98;27.4;red
240.84;78.07;26.57;red
240.69;77.25;25.35;red
240.96;77.7;25.59;red
241.07;77.64;25.41;red
244.4;81.32;29.65;red
239.89;78.4;27.32;red
236.9;76.02;25.58;red
240.58;76.92;24.91;red
241.43;78.71;26.46;red
239.4;75.97;23.88;red
222.38;195.38;141.42;white
218.16;191.18;135.77;white
210.66;182.78;125.44;white
218.05;189.33;134.3;white
222.91;196.37;141.41;white
223.93;71.27;83.53;red
226.28;72.24;84.13;red
226.92;73.21;84.16;red
224.54;69.12;81.88;red
227.17;73.15;84.18;red
227.62;75.05;85.62;red
228.71;75.96;86.28;red
229.93;75.33;85.9;red
226.58;70.26;83.3;red
227.65;76.05;87.3;red
225.88;71.51;83.95;red
226.7;73.95;84.8;red
228.15;72.39;85.2;red
228.85;74.86;85.43;red
230.04;76.53;87.0;red
226.11;73.54;84.88;red
226.7;72.55;83.58;red
224.78;69.29;81.99;red
229.29;73.18;85.36;red
227.38;73.78;84.6;red
204.34;200.38;187.63;white
200.62;197.06;183.43;white
203.55;200.68;188.96;white
195.99;192.59;180.29;white
195.32;192.1;179.17;white
228.19;74.36;42.1;red
227.35;73.47;41.22;red
230.32;75.27;42.41;red
231.48;76.07;43.67;red
229.57;75.33;43.03;red
229.23;74.64;42.65;red
227.05;73.12;40.86;red
226.34;72.88;40.91;red
227.84;73.65;41.94;red
228.41;74.18;41.55;red
228.97;74.56;42.33;red
227.11;73.86;41.58;red
230.77;76.4;44.53;red
228.18;74.38;42.09;red
230.12;75.17;43.42;red
227.95;74.11;41.46;red
228.08;74.24;41.9;red
228.6;74.3;42.1;red
225.52;73.08;40.79;red
229.64;75.2;43.1;red
199.88;196.69;182.36;white
194.26;190.54;177.58;white
193.64;190.75;176.81;white
206.05;202.83;190.54;white
197.84;194.65;181.17;white
202.89;59.91;31.14;red
206.67;63.43;33.46;red
202.36;60.6;32.14;red
204.19;61.12;31.92;red
205.88;63.12;33.6;red
197.87;58.51;29.79;red
202.86;59.98;31.12;red
203.08;59.91;31.18;red
201.25;58.74;30.55;red
206.88;63.56;33.42;red
202.61;59.76;31.41;red
200.3;59.2;30.83;red
204.42;61.28;32.32;red
202.66;59.78;31.14;red
201.0;59.29;30.86;red
201.26;59.93;31.47;red
205.15;62.34;33.14;red
201.59;60.01;31.54;red
203.04;59.99;31.19;red
196.0;57.2;28.58;red
185.78;182.56;171.12;white
186.37;183.25;171.66;white
173.31;170.32;161.06;white
181.99;178.08;167.11;white
181.64;178.47;168.94;white
188.9;51.08;63.43;red
179.98;72.23;79.76;red
181.71;50.8;60.6;red
186.98;50.47;62.37;red
187.12;51.0;62.08;red
185.9;49.46;61.39;red
188.43;53.88;64.7;red
186.78;50.91;62.44;red
186.94;50.98;62.55;red
185.8;51.56;62.53;red
187.55;49.95;62.15;red
186.97;50.08;61.95;red
187.17;50.44;62.34;red
185.76;49.32;61.22;red
177.33;86.88;90.98;red
187.05;50.0;61.89;red
186.29;50.38;62.03;red
188.5;51.48;63.07;red
186.78;51.39;62.25;red
185.56;49.69;61.05;red
182.02;179.11;170.34;white
174.38;172.0;160.87;white
171.74;169.67;159.59;white
182.44;178.67;167.54;white
175.61;172.71;164.08;white
203.64;58.04;72.87;red
205.12;57.45;72.96;red
205.7;61.8;74.38;red
203.7;58.36;72.85;red
199.97;64.05;78.18;red
201.84;59.93;72.55;red
204.48;58.91;73.63;red
205.24;63.54;75.02;red
203.64;58.32;72.61;red
205.08;58.55;72.33;red
207.05;58.67;74.51;red
202.36;56.99;71.6;red
203.96;57.76;72.66;red
205.39;58.26;73.08;red
201.06;57.63;70.94;red
204.55;56.89;73.7;red
205.27;58.05;73.55;red
201.74;57.48;72.7;red
202.39;58.01;72.8;red
202.56;58.72;72.91;red
180.05;178.82;174.46;white
185.18;182.64;177.97;white
189.87;188.28;183.45;white
193.39;191.41;186.99;white
183.42;182.06;178.33;white
206.83;63.01;33.73;red
211.46;66.45;37.4;red
207.76;61.6;33.31;red
202.3;59.58;31.86;red
201.07;58.38;30.55;red
208.68;61.2;31.47;red
207.83;60.85;31.36;red
210.63;65.4;36.16;red
201.44;58.6;30.76;red
202.22;61.29;32.54;red
210.07;63.46;34.13;red
209.11;63.64;34.86;red
206.79;64.2;35.73;red
207.26;61.84;32.67;red
207.11;61.35;31.93;red
208.94;63.18;33.79;red
207.5;61.91;32.84;red
208.45;61.32;32.56;red
200.72;58.17;30.75;red
198.64;56.73;29.62;red
174.94;170.92;165.97;white
158.56;151.23;146.73;white
191.45;189.68;185.11;white
160.8;154.87;151.07;white
191.63;189.52;185.26;white
149.74;34.48;16.94;red
151.46;34.96;16.49;red
154.36;37.72;19.02;red
149.88;34.71;16.61;red
149.42;33.98;16.87;red
151.78;35.84;17.07;red
151.22;34.79;15.98;red
151.83;34.95;16.49;red
149.89;33.82;16.36;red
150.08;34.84;17.38;red
153.64;36.34;18.1;red
150.17;34.24;18.16;red
148.92;34.17;15.53;red
153.88;37.03;18.61;red
142.98;36.48;20.32;red
148.57;33.62;16.79;red
148.36;34.14;16.14;red
151.05;34.66;16.42;red
151.29;35.03;16.69;red
154.74;37.82;18.7;red
146.3;145.52;143.13;white
142.33;141.33;139.6;white
150.09;149.38;147.41;white
145.74;145.04;143.81;white
149.89;149.42;147.34;white
142.1;29.93;42.99;red
140.54;28.88;40.72;red
137.58;27.33;40.65;red
143.68;30.72;43.76;red
139.07;28.33;40.56;red
140.92;28.58;40.94;red
141.41;29.62;42.4;red
143.81;30.29;43.7;red
144.08;30.48;43.65;red
137.95;28.44;39.68;red
140.72;29.21;41.25;red
141.78;30.37;41.45;red
140.63;28.26;41.3;red
138.39;27.9;41.46;red
139.5;28.32;40.88;red
141.07;28.12;41.11;red
140.69;27.94;40.36;red
141.8;29.74;41.98;red
144.34;30.75;43.24;red
141.26;30.05;42.93;red
149.42;148.78;146.18;white
142.64;141.89;140.11;white
140.95;140.12;138.26;white
147.38;146.99;143.97;white
146.24;145.61;143.29;white
75.67;8.61;21.83;red
74.55;9.38;22.86;red
75.28;7.59;23.45;red
73.25;8.8;21.88;red
74.68;8.68;22.59;red
72.29;7.64;21.9;red
74.44;8.86;22.11;red
74.25;7.73;21.78;red
74.26;8.91;22.46;red
74.24;8.05;21.35;red
72.58;7.95;20.6;red
73.49;9.52;22.08;red
73.96;8.39;21.6;red
73.65;7.69;21.76;red
73.57;8.72;22.0;red
74.04;8.6;21.85;red
74.11;9.14;21.77;red
74.44;8.87;22.1;red
71.93;7.71;22.4;red
74.18;8.62;21.79;red
89.75;90.7;90.07;white
81.82;83.11;82.28;white
86.92;87.67;87.49;white
84.63;85.86;85.35;white
87.66;88.85;88.19;white
80.81;11.35;7.01;red
75.98;10.72;7.09;red
80.27;12.04;8.68;red
78.25;10.31;6.46;red
76.64;9.92;6.53;red
78.38;10.81;6.67;red
77.11;10.4;6.8;red
78.78;10.5;5.73;red
75.63;10.02;6.72;red
78.42;10.39;6.8;red
80.02;12.09;7.43;red
80.02;11.33;6.66;red
77.89;11.98;7.14;red
74.46;9.76;6.52;red
76.44;10.26;6.3;red
77.72;11.1;6.55;red
75.8;13.47;10.29;red
80.65;12.6;8.36;red
81.07;11.15;7.0;red
75.93;10.46;7.07;red
82.57;83.65;83.22;white
80.1;81.51;81.54;white
87.03;88.08;86.99;white
80.08;80.04;78.65;white
83.96;85.28;84.57;white
111.54;23.61;12.95;red
113.66;25.84;15.16;red
109.78;22.93;12.61;red
97.63;16.51;7.82;red
101.86;18.98;9.82;red
111.92;23.8;13.13;red
113.09;24.96;15.41;red
112.47;24.43;14.04;red
104.63;20.56;10.49;red
100.27;18.14;10.28;red
110.54;23.28;12.78;red
105.06;20.24;10.56;red
112.5;23.93;13.39;red
97.09;15.82;7.79;red
111.39;24.64;14.18;red
111.32;24.0;13.19;red
102.89;19.08;9.31;red
111.39;23.99;13.49;red
113.04;24.54;13.85;red
111.74;24.07;13.29;red
106.02;107.62;108.38;white
114.49;116.32;116.25;white
105.48;108.92;110.78;white
116.87;118.6;119.34;white
105.67;109.14;109.18;white
96.11;51.34;56.0;red
104.82;23.36;33.52;red
102.28;21.77;31.83;red
97.14;20.12;28.96;red
102.51;23.19;32.73;red
98.57;20.6;29.35;red
103.35;21.54;33.36;red
102.73;23.64;32.45;red
93.51;17.11;26.96;red
102.95;21.31;32.58;red
101.57;21.62;31.38;red
95.78;20.47;29.88;red
99.63;20.29;31.1;red
102.08;21.36;32.0;red
101.64;21.6;31.4;red
99.11;20.6;30.37;red
96.32;19.64;30.3;red
97.11;19.64;29.12;red
103.28;22.63;32.2;red
101.52;21.0;31.27;red
108.63;109.69;109.18;white
108.42;110.4;110.81;white
91.52;93.28;92.3;white
75.2;76.65;73.28;white
108.99;112.12;112.42;white
119.71;80.4;13.11;yellow
117.12;78.26;11.48;yellow
120.91;80.78;12.54;yellow
117.03;78.81;12.0;yellow
120.61;80.5;12.19;yellow
116.07;77.28;10.38;yellow
119.48;80.2;11.69;yellow
117.44;78.44;10.55;yellow
117.23;78.46;10.73;yellow
118.57;79.56;11.01;yellow
117.11;78.21;11.39;yellow
119.32;79.86;11.44;yellow
118.4;79.54;11.31;yellow
114.96;76.4;10.56;yellow
124.18;83.43;15.58;yellow
118.34;79.42;11.19;yellow
117.71;78.59;11.14;yellow
117.19;78.29;11.5;yellow
118.82;79.38;11.2;yellow
119.02;79.85;11.26;yellow
113.71;116.74;124.33;white
91.58;93.54;98.62;white
111.34;114.89;122.22;white
113.85;117.36;124.49;white
103.22;107.0;113.12;white
124.19;85.45;17.23;yellow
120.49;81.92;12.63;yellow
119.16;81.2;12.65;yellow
122.18;83.27;14.04;yellow
116.36;78.79;12.32;yellow
120.26;81.23;12.86;yellow
126.38;91.03;28.09;yellow
127.06;89.04;21.32;yellow
116.33;78.52;12.34;yellow
121.6;82.54;13.54;yellow
124.82;85.69;16.83;yellow
118.06;79.78;12.02;yellow
122.23;83.24;14.45;yellow
115.83;78.51;12.17;yellow
119.5;81.1;12.28;yellow
118.2;79.84;11.86;yellow
122.27;83.27;14.05;yellow
121.6;82.64;13.22;yellow
126.13;88.1;20.38;yellow
119.84;81.5;12.98;yellow
104.47;109.05;116.53;white
91.64;93.53;98.32;white
85.05;89.26;94.63;white
90.36;94.82;101.11;white
87.14;92.12;98.44;white
125.65;85.98;23.8;yellow
114.46;73.06;3.42;yellow
112.18;72.49;4.01;yellow
112.49;72.82;3.88;yellow
114.95;74.1;5.13;yellow
124.21;84.25;20.1;yellow
117.91;75.64;5.23;yellow
121.14;77.27;5.76;yellow
118.96;75.77;5.67;yellow
118.78;77.99;11.04;yellow
117.8;75.93;4.96;yellow
119.15;76.44;5.01;yellow
110.54;70.92;3.6;yellow
113.94;73.16;3.58;yellow
121.8;77.95;6.79;yellow
122.5;82.7;18.81;yellow
117.18;75.41;4.58;yellow
119.18;76.33;5.71;yellow
111.42;71.64;3.32;yellow
120.88;76.9;5.64;yellow
84.25;84.74;84.29;white
100.2;100.74;101.3;white
97.22;98.84;100.72;white
101.86;102.31;104.46;white
100.48;101.91;102.78;white
115.78;74.32;4.12;yellow
112.59;71.42;2.74;yellow
115.02;74.12;4.08;yellow
112.01;71.42;2.96;yellow
120.86;77.74;7.17;yellow
113.33;73.07;3.76;yellow
112.91;72.08;3.31;yellow
112.08;71.74;2.9;yellow
110.86;71.37;3.18;yellow
117.48;75.42;5.22;yellow
115.14;74.17;4.11;yellow
112.49;72.35;3.56;yellow
111.03;71.44;3.77;yellow
112.89;72.04;3.48;yellow
115.23;74.11;4.1;yellow
113.88;72.64;3.79;yellow
110.9;71.4;3.62;yellow
109.34;69.79;2.98;yellow
117.38;75.32;4.84;yellow
112.82;72.77;3.77;yellow
97.84;97.83;97.89;white
86.72;86.78;86.38;white
99.46;100.05;101.63;white
99.19;101.15;103.01;white
92.56;93.19;93.55;white
201.22;144.75;52.22;yellow
208.51;148.33;52.7;yellow
204.12;147.01;52.88;yellow
198.74;142.55;50.88;yellow
208.32;148.33;52.51;yellow
207.19;147.58;52.21;yellow
210.07;163.45;87.07;yellow
205.4;146.58;53.84;yellow
204.56;145.92;52.91;yellow
201.34;143.7;51.18;yellow
206.48;146.71;51.58;yellow
203.7;145.2;52.88;yellow
206.19;146.39;51.92;yellow
208.41;148.39;52.78;yellow
208.3;148.28;52.57;yellow
203.6;146.36;52.32;yellow
207.86;149.02;53.17;yellow
207.77;147.7;52.54;yellow
206.56;147.44;52.73;yellow
203.54;145.33;52.68;yellow
189.13;189.34;190.9;white
149.12;149.34;149.23;white
168.52;168.68;168.66;white
175.5;176.4;177.43;white
146.3;146.6;146.82;white
219.03;159.33;58.35;yellow
219.06;159.09;58.29;yellow
220.05;158.79;58.61;yellow
211.03;154.86;58.07;yellow
219.13;159.36;58.28;yellow
218.45;157.74;57.57;yellow
216.03;156.94;58.28;yellow
216.81;157.19;58.03;yellow
219.08;158.47;58.68;yellow
218.04;157.94;58.36;yellow
221.26;160.26;58.87;yellow
222.15;162.23;59.48;yellow
223.62;164.72;62.18;yellow
216.92;157.83;58.6;yellow
211.77;153.85;56.98;yellow
214.42;155.8;57.64;yellow
214.72;156.15;58.16;yellow
212.08;154.25;57.0;yellow
214.99;156.92;58.93;yellow
213.79;155.63;57.98;yellow
193.36;193.73;194.41;white
174.5;174.76;174.7;white
196.77;196.7;196.68;white
174.72;174.58;174.3;white
178.74;178.51;178.22;white
191.03;134.99;47.12;yellow
189.85;132.96;45.36;yellow
190.81;136.71;52.53;yellow
182.62;128.2;40.44;yellow
180.12;126.33;38.73;yellow
188.57;132.75;44.67;yellow
177.59;123.98;38.05;yellow
183.7;128.66;38.97;yellow
184.46;128.7;39.05;yellow
180.8;126.74;39.78;yellow
184.17;128.61;39.52;yellow
187.67;130.86;42.23;yellow
183.27;127.83;40.79;yellow
180.84;126.87;40.4;yellow
187.97;132.54;43.96;yellow
182.95;126.78;39.19;yellow
178.86;125.54;38.57;yellow
185.42;129.79;40.46;yellow
184.48;127.95;38.47;yellow
183.75;128.66;39.16;yellow
137.07;137.32;137.56;white
165.08;165.15;165.92;white
144.86;144.94;144.92;white
138.74;127.58;110.02;white
170.66;170.92;171.97;white
172.53;123.18;44.28;yellow
180.6;124.99;35.8;yellow
175.92;121.68;33.07;yellow
170.67;118.67;31.67;yellow
180.12;125.24;36.72;yellow
178.2;123.25;34.85;yellow
182.16;126.58;38.31;yellow
180.75;125.56;37.03;yellow
173.94;120.72;31.7;yellow
178.79;123.32;34.62;yellow
176.67;122.71;34.16;yellow
179.5;124.18;35.89;yellow
174.85;120.44;32.55;yellow
177.61;122.54;34.02;yellow
175.68;120.78;33.3;yellow
183.94;129.47;43.63;yellow
174.81;120.99;34.68;yellow
178.27;123.48;35.66;yellow
177.32;123.26;34.37;yellow
170.52;118.69;32.41;yellow
153.1;153.54;153.94;white
159.19;159.55;160.39;white
166.62;167.2;167.94;white
129.37;129.44;129.52;white
144.32;144.6;144.51;white
171.17;147.05;20.39;yellow
171.37;147.19;21.2;yellow
171.49;147.84;21.72;yellow
166.39;142.68;17.65;yellow
171.28;147.06;20.87;yellow
169.64;145.99;19.72;yellow
172.09;148.15;20.7;yellow
167.54;143.76;18.77;yellow
171.29;147.0;21.03;yellow
169.3;145.53;19.86;yellow
169.49;145.92;19.58;yellow
170.8;146.93;20.9;yellow
169.15;145.87;20.47;yellow
169.46;145.97;19.54;yellow
170.36;146.35;20.15;yellow
171.09;147.06;20.49;yellow
169.2;145.22;19.5;yellow
169.67;146.42;20.43;yellow
170.3;146.6;20.06;yellow
170.73;146.59;20.27;yellow
129.08;129.04;128.82;white
143.88;139.51;121.77;white
152.63;153.52;154.47;white
152.7;153.68;155.08;white
156.73;156.89;157.14;white
180.72;155.36;23.92;yellow
179.38;154.73;23.69;yellow
179.51;154.82;24.17;yellow
180.94;155.82;24.85;yellow
177.61;152.75;21.17;yellow
180.0;155.34;24.67;yellow
179.68;155.14;24.81;yellow
179.95;154.78;23.67;yellow
180.09;155.25;24.56;yellow
177.08;153.28;24.14;yellow
179.84;155.07;24.3;yellow
188.96;162.87;25.02;yellow
176.72;151.49;20.58;yellow
179.97;155.09;24.4;yellow
177.04;153.11;24.24;yellow
178.98;154.16;23.72;yellow
177.73;152.79;22.7;yellow
181.39;156.57;25.42;yellow
180.38;155.81;25.17;yellow
186.8;160.63;25.78;yellow
168.01;168.4;169.67;white
170.3;171.07;172.43;white
170.05;170.3;171.27;white
128.61;129.57;130.0;white
172.76;173.33;174.96;white
200.3;174.21;34.03;yellow
206.93;181.44;34.23;yellow
196.86;170.74;32.58;yellow
207.39;181.92;36.64;yellow
201.16;174.93;32.81;yellow
201.43;175.28;34.92;yellow
202.98;177.04;34.44;yellow
202.13;176.26;33.98;yellow
202.1;176.4;34.75;yellow
202.41;176.56;34.21;yellow
198.12;172.27;32.34;yellow
207.43;182.0;37.1;yellow
204.95;178.98;35.74;yellow
201.92;176.14;35.07;yellow
202.94;177.51;35.7;yellow
202.16;176.26;34.78;yellow
201.02;175.11;32.69;yellow
203.18;177.04;33.12;yellow
199.68;173.34;33.34;yellow
201.21;174.88;34.25;yellow
161.22;161.44;161.46;white
152.89;153.3;153.39;white
184.5;184.61;185.32;white
163.12;162.88;162.79;white
183.23;183.32;183.28;white
213.87;188.42;36.36;yellow
217.12;192.22;40.58;yellow
215.9;190.97;41.4;yellow
212.67;187.5;38.36;yellow
212.78;187.54;38.31;yellow
212.56;187.5;37.74;yellow
215.93;191.04;41.51;yellow
211.54;186.21;37.09;yellow
213.9;188.78;38.74;yellow
213.09;187.8;38.92;yellow
212.5;187.33;37.96;yellow
213.24;188.27;38.62;yellow
215.85;190.84;40.05;yellow
211.53;186.92;42.49;yellow
212.33;187.18;37.22;yellow
212.84;187.76;38.23;yellow
212.76;187.56;38.31;yellow
208.52;183.0;36.63;yellow
213.65;188.46;38.8;yellow
210.93;185.64;37.58;yellow
198.8;198.74;198.47;white
200.27;200.88;202.28;white
172.52;172.85;172.8;white
187.76;187.88;187.8;white
158.54;159.28;158.98;white
106.64;93.03;0.38;yellow
108.0;93.87;0.34;yellow
103.94;89.96;0.66;yellow
103.31;89.52;0.7;yellow
106.66;92.55;0.35;yellow
103.43;89.44;0.6;yellow
105.44;92.08;0.5;yellow
104.92;91.56;0.6;yellow
105.68;92.34;0.54;yellow
102.47;88.61;0.55;yellow
105.46;92.16;0.54;yellow
103.2;89.26;0.67;yellow
106.27;92.65;0.46;yellow
108.84;94.77;0.26;yellow
105.07;91.76;0.59;yellow
104.89;91.46;0.5;yellow
104.88;91.42;0.59;yellow
105.69;92.41;0.48;yellow
104.06;90.34;0.68;yellow
107.85;93.62;0.23;yellow
89.56;96.98;102.5;white
67.68;73.17;76.46;white
87.0;92.67;96.26;white
67.65;72.8;75.82;white
92.42;100.33;105.58;white
86.43;69.71;0.27;yellow
87.07;70.54;0.75;yellow
86.9;70.66;0.68;yellow
87.88;71.06;0.98;yellow
93.64;82.77;33.51;yellow
85.47;69.03;0.15;yellow
88.96;72.14;0.88;yellow
86.92;70.57;0.64;yellow
86.96;70.54;0.62;yellow
85.94;69.7;0.18;yellow
80.51;64.84;0.34;yellow
83.16;66.85;0.22;yellow
89.23;72.47;0.95;yellow
83.65;67.37;0.18;yellow
87.26;70.81;0.81;yellow
84.64;68.5;0.15;yellow
86.68;70.24;0.51;yellow
82.89;67.09;0.16;yellow
92.38;75.44;0.52;yellow
87.41;70.8;0.82;yellow
72.1;73.24;74.94;white
60.02;59.68;59.33;white
58.27;57.96;57.45;white
59.2;59.27;59.0;white
43.92;44.14;43.02;white
